Symbol,Date,Adj Close,Volume,Name,Day_Perc_Change,
ADANIPORTS,10/22/2018,26153.15039,2222812200,NIFTY 50,2.315014009,
ADANIPORTS,10/23/2018,25346.55078,1772912000,NIFTY 50,-3.084139379,
ADANIPORTS,10/24/2018,25249.7793,1962753500,NIFTY 50,-0.381793503,
ADANIPORTS,10/25/2018,24994.46094,2288634200,NIFTY 50,-1.011170656,
ADANIPORTS,10/26/2018,24717.63086,1688395600,NIFTY 50,-1.107565711,
ADANIPORTS,10/29/2018,24812.03906,2000985900,NIFTY 50,0.381946816,
ADANIPORTS,10/30/2018,24585.5293,2100387500,NIFTY 50,-0.912902666,
ADANIPORTS,10/31/2018,24979.68945,2363084500,NIFTY 50,1.603220135,
ADANIPORTS,11/1/2018,25416,2176972600,NIFTY 50,1.746661214,
ADANIPORTS,11/2/2018,26486.34961,3518978800,NIFTY 50,4.211322037,
ADANIPORTS,11/5/2018,25934.39063,1626675400,NIFTY 50,-2.083937546,
ADANIPORTS,11/6/2018,26120.96094,1562913100,NIFTY 50,0.719393471,
ADANIPORTS,11/7/2018,26147.68945,1731287400,NIFTY 50,0.102325925,
ADANIPORTS,11/8/2018,26227.7207,1654626400,NIFTY 50,0.306073889,
ADANIPORTS,11/9/2018,25601.91992,1839798600,NIFTY 50,-2.386028081,
ADANIPORTS,11/12/2018,25633.17969,1171178800,NIFTY 50,0.122099304,
ADANIPORTS,11/13/2018,25792.86914,1689989400,NIFTY 50,0.622979494,
ADANIPORTS,11/14/2018,25654.42969,1431673200,NIFTY 50,-0.536735375,
ADANIPORTS,11/15/2018,26103.33984,1534457400,NIFTY 50,1.749834869,
ADANIPORTS,11/16/2018,26183.5293,1330024100,NIFTY 50,0.307199973,
ADANIPORTS,11/19/2018,26372,1320040400,NIFTY 50,0.719806337,
ADANIPORTS,11/20/2018,25840.33984,1205800000,NIFTY 50,-2.016002412,
ADANIPORTS,11/21/2018,25971.4707,1397423500,NIFTY 50,0.50746569,
ADANIPORTS,11/22/2018,26019.41016,1010983600,NIFTY 50,0.184585053,
ADANIPORTS,11/23/2018,25927.67969,877061500,NIFTY 50,-0.352546301,
ADANIPORTS,11/26/2018,26376.17969,1611982200,NIFTY 50,1.729811558,
ADANIPORTS,11/27/2018,26331.96094,1394358800,NIFTY 50,-0.16764653,
ADANIPORTS,11/28/2018,26682.56055,1415273800,NIFTY 50,1.331460311,
ADANIPORTS,11/29/2018,26451.0293,1469593600,NIFTY 50,-0.867725006,
ADANIPORTS,11/30/2018,26506.75,2000815900,NIFTY 50,0.210656086,
ADANIPORTS,12/3/2018,27182.03906,2549703200,NIFTY 50,2.547611695,
ADANIPORTS,12/4/2018,27260.43945,1880483300,NIFTY 50,0.288427185,
ADANIPORTS,12/5/2018,26819.67969,1330919400,NIFTY 50,-1.616847615,
ADANIPORTS,12/6/2018,26156.38086,2123180600,NIFTY 50,-2.473179534,
ADANIPORTS,12/7/2018,26063.75977,2726993500,NIFTY 50,-0.354105155,
ADANIPORTS,12/10/2018,25752.38086,1544284600,NIFTY 50,-1.194681465,
ADANIPORTS,12/11/2018,25771.66992,1190934600,NIFTY 50,0.074902057,
ADANIPORTS,12/12/2018,26186.71094,1429660600,NIFTY 50,1.610454492,
ADANIPORTS,12/13/2018,26524.34961,1747235100,NIFTY 50,1.289351197,
ADANIPORTS,12/14/2018,26094.78906,1344364100,NIFTY 50,-1.619495114,
ADANIPORTS,12/17/2018,26087.98047,1036879300,NIFTY 50,-0.026091776,
ADANIPORTS,12/18/2018,25814.25,1449449300,NIFTY 50,-1.049258946,
ADANIPORTS,12/19/2018,25865.39063,1430181500,NIFTY 50,0.198110055,
ADANIPORTS,12/20/2018,25623.5293,1717860300,NIFTY 50,-0.935077036,
ADANIPORTS,12/21/2018,25753.41992,1935298900,NIFTY 50,0.506919338,
ADANIPORTS,12/24/2018,25651.38086,1074120100,NIFTY 50,-0.396215583,
ADANIPORTS,12/27/2018,25478.88086,1313061500,NIFTY 50,-0.672478417,
ADANIPORTS,12/28/2018,25504.19922,1224894400,NIFTY 50,0.099369985,
ADANIPORTS,12/31/2018,25845.69922,826507300,NIFTY 50,1.338995187,
ADANIPORTS,1/2/2019,25130.34961,1666316400,NIFTY 50,-2.76777039,
ADANIPORTS,1/3/2019,25064.35938,1481291700,NIFTY 50,-0.262591787,
ADANIPORTS,1/4/2019,25626.0293,1708572100,NIFTY 50,2.240910743,
ADANIPORTS,1/7/2019,25835.69922,1447090300,NIFTY 50,0.818191221,
ADANIPORTS,1/8/2019,25875.44922,1578205700,NIFTY 50,0.153856877,
ADANIPORTS,1/9/2019,26462.32031,2680892000,NIFTY 50,2.26806147,
ADANIPORTS,1/10/2019,26521.42969,1939043900,NIFTY 50,0.223371852,
ADANIPORTS,1/11/2019,26667.26953,1799353900,NIFTY 50,0.549894349,
ADANIPORTS,1/14/2019,26298.33008,1426017400,NIFTY 50,-1.383491672,
ADANIPORTS,1/15/2019,26830.28906,1822902000,NIFTY 50,2.022786175,
ADANIPORTS,1/16/2019,26902.09961,1714886500,NIFTY 50,0.267647306,
ADANIPORTS,1/17/2019,26755.63086,1860541000,NIFTY 50,-0.544450999,
ADANIPORTS,1/18/2019,27090.81055,1692701900,NIFTY 50,1.252744477,
ADANIPORTS,1/21/2019,27196.53906,1640014700,NIFTY 50,0.390274465,
ADANIPORTS,1/22/2019,27005.44922,1578449700,NIFTY 50,-0.702625593,
ADANIPORTS,1/23/2019,27008.19922,1381999400,NIFTY 50,0.01018313,
ADANIPORTS,1/24/2019,27120.98047,1323732100,NIFTY 50,0.417581524,
ADANIPORTS,1/25/2019,27569.18945,2264965800,NIFTY 50,1.652628247,
ADANIPORTS,1/28/2019,27576.96094,1705146300,NIFTY 50,0.028189022,
ADANIPORTS,1/29/2019,27531.67969,1821838000,NIFTY 50,-0.164199565,
ADANIPORTS,1/30/2019,27642.84961,1821894600,NIFTY 50,0.403789098,
ADANIPORTS,1/31/2019,27942.4707,2225282600,NIFTY 50,1.083900894,
ADANIPORTS,2/1/2019,27930.74023,1669716900,NIFTY 50,-0.041980787,
ADANIPORTS,2/4/2019,27990.21094,808061300,NIFTY 50,0.212922048,
ADANIPORTS,2/8/2019,27946.32031,1527669600,NIFTY 50,-0.156807053,
ADANIPORTS,2/11/2019,28143.83984,1384082500,NIFTY 50,0.70678189,
ADANIPORTS,2/12/2019,28171.33008,1492521500,NIFTY 50,0.097677624,
ADANIPORTS,2/13/2019,28497.58984,1930777700,NIFTY 50,1.158126951,
ADANIPORTS,2/14/2019,28432.05078,1433724900,NIFTY 50,-0.229981073,
ADANIPORTS,2/15/2019,27900.83984,1781495400,NIFTY 50,-1.868352519,
ADANIPORTS,2/18/2019,28347.00977,1549943500,NIFTY 50,1.599127211,
ADANIPORTS,2/19/2019,28228.13086,1653127000,NIFTY 50,-0.419370184,
ADANIPORTS,2/20/2019,28514.05078,1928707100,NIFTY 50,1.012890026,
ADANIPORTS,2/21/2019,28629.91992,1814520300,NIFTY 50,0.406358051,
ADANIPORTS,2/22/2019,28816.30078,1706490600,NIFTY 50,0.651000281,
ADANIPORTS,2/25/2019,28959.30078,3517972400,NIFTY 50,0.496246902,
ADANIPORTS,2/26/2019,28772.06055,2758187900,NIFTY 50,-0.64656338,
ADANIPORTS,2/27/2019,28757.43945,2378404200,NIFTY 50,-0.050816986,
ADANIPORTS,2/28/2019,28633.17969,2086693500,NIFTY 50,-0.432096068,
ADANIPORTS,3/1/2019,28812.16992,1927040400,NIFTY 50,0.625114765,
ADANIPORTS,3/4/2019,28959.58984,2682948700,NIFTY 50,0.511658519,
ADANIPORTS,3/5/2019,28961.59961,1951621500,NIFTY 50,0.006939895,
ADANIPORTS,3/6/2019,29037.59961,1794494900,NIFTY 50,0.262416445,
ADANIPORTS,3/7/2019,28779.44922,1691993300,NIFTY 50,-0.889021109,
ADANIPORTS,3/8/2019,28228.41992,2998999600,NIFTY 50,-1.914662413,
ADANIPORTS,3/11/2019,28503.30078,1525534800,NIFTY 50,0.973773452,
ADANIPORTS,3/12/2019,28920.86914,0,NIFTY 50,1.464982471,
ADANIPORTS,3/13/2019,28807.44922,1183090900,NIFTY 50,-0.392173283,
ADANIPORTS,3/14/2019,28851.39063,1390223200,NIFTY 50,0.152534873,
ADANIPORTS,3/15/2019,29012.25977,1974569100,NIFTY 50,0.557578465,
ADANIPORTS,3/18/2019,29409.00977,1887811300,NIFTY 50,1.367525326,
ADANIPORTS,3/19/2019,29466.2793,1747657200,NIFTY 50,0.194734646,
ADANIPORTS,3/20/2019,29320.9707,1580528500,NIFTY 50,-0.493135195,
ADANIPORTS,3/21/2019,29071.56055,1750672700,NIFTY 50,-0.850620392,
ADANIPORTS,3/22/2019,29113.35938,1740699100,NIFTY 50,0.1437791,
ADANIPORTS,3/25/2019,28523.34961,2091121900,NIFTY 50,-2.02659459,
ADANIPORTS,3/26/2019,28566.91016,1406624800,NIFTY 50,0.152718904,
ADANIPORTS,3/27/2019,28728.25,1475536600,NIFTY 50,0.564778771,
ADANIPORTS,3/28/2019,28775.21094,1582079600,NIFTY 50,0.163466059,
ADANIPORTS,3/29/2019,29051.35938,2695223000,NIFTY 50,0.959674762,
ADANIPORTS,4/1/2019,29562.01953,2475412300,NIFTY 50,1.757784031,
ADANIPORTS,4/2/2019,29624.66992,1858466500,NIFTY 50,0.211928657,
ADANIPORTS,4/3/2019,29986.39063,2019434600,NIFTY 50,1.221011758,
ADANIPORTS,4/4/2019,29936.32031,1854467500,NIFTY 50,-0.166976788,
ADANIPORTS,4/8/2019,30077.15039,2321011600,NIFTY 50,0.470432159,
ADANIPORTS,4/9/2019,30157.49023,2049354000,NIFTY 50,0.267112549,
ADANIPORTS,4/10/2019,30119.56055,1814064400,NIFTY 50,-0.125772028,
ADANIPORTS,4/11/2019,29839.44922,1897154200,NIFTY 50,-0.929998057,
ADANIPORTS,4/12/2019,29909.75977,1560692000,NIFTY 50,0.235629507,
ADANIPORTS,4/15/2019,29810.7207,2010638200,NIFTY 50,-0.33112624,
ADANIPORTS,4/16/2019,30129.86914,2546181500,NIFTY 50,1.070582765,
ADANIPORTS,4/17/2019,30124.67969,2035147300,NIFTY 50,-0.017223616,
ADANIPORTS,4/18/2019,29963.25977,1569930600,NIFTY 50,-0.535839463,
ADANIPORTS,4/23/2019,29963.24023,2006226400,NIFTY 50,-6.52E-05,
ADANIPORTS,4/24/2019,29805.83008,1748986700,NIFTY 50,-0.525344238,
ADANIPORTS,4/25/2019,29549.80078,1644483200,NIFTY 50,-0.858990662,
ADANIPORTS,4/26/2019,29605.00977,1411001700,NIFTY 50,0.186833696,
ADANIPORTS,4/29/2019,29892.81055,1250717200,NIFTY 50,0.972135403,
ADANIPORTS,4/30/2019,29699.10938,1359023200,NIFTY 50,-0.647985815,
ADANIPORTS,5/2/2019,29944.17969,1298906600,NIFTY 50,0.825177314,
ADANIPORTS,5/3/2019,30081.55078,1217388500,NIFTY 50,0.458757242,
ADANIPORTS,5/6/2019,29209.82031,2934065800,NIFTY 50,-2.897890718,
ADANIPORTS,5/7/2019,29363.01953,1997665400,NIFTY 50,0.524478468,
ADANIPORTS,5/8/2019,29003.19922,2182802000,NIFTY 50,-1.225419993,
ADANIPORTS,5/9/2019,28311.07031,2907223700,NIFTY 50,-2.386388139,
ADANIPORTS,5/10/2019,28550.24023,2421480000,NIFTY 50,0.844792932,
ADANIPORTS,5/14/2019,28122.01953,2875261200,NIFTY 50,-1.499884763,
ADANIPORTS,5/15/2019,28268.71094,2244890100,NIFTY 50,0.521624725,
ADANIPORTS,5/16/2019,28275.07031,2372367500,NIFTY 50,0.022496162,
ADANIPORTS,5/17/2019,27946.46094,1922181900,NIFTY 50,-1.162187649,
ADANIPORTS,5/20/2019,27787.60938,2260468500,NIFTY 50,-0.56841388,
ADANIPORTS,5/21/2019,27657.24023,2229189200,NIFTY 50,-0.469162853,
ADANIPORTS,5/22/2019,27705.93945,1705803400,NIFTY 50,0.176081267,
ADANIPORTS,5/23/2019,27267.13086,2219416000,NIFTY 50,-1.583806948,
ADANIPORTS,5/24/2019,27353.92969,1677043500,NIFTY 50,0.318327694,
ADANIPORTS,5/27/2019,27288.08984,1264256500,NIFTY 50,-0.240696107,
ADANIPORTS,5/28/2019,27390.81055,3043711500,NIFTY 50,0.376430536,
ADANIPORTS,5/29/2019,27235.71094,2236869000,NIFTY 50,-0.566246876,
ADANIPORTS,5/30/2019,27114.88086,1884022200,NIFTY 50,-0.443645768,
ADANIPORTS,5/31/2019,26901.08984,1829465900,NIFTY 50,-0.788463782,
ADANIPORTS,6/3/2019,26893.85938,1716241600,NIFTY 50,-0.026877978,
ADANIPORTS,6/4/2019,26761.51953,1527666000,NIFTY 50,-0.492082011,
ADANIPORTS,6/5/2019,26895.43945,1894174900,NIFTY 50,0.500419723,
ADANIPORTS,6/6/2019,26965.2793,1601926500,NIFTY 50,0.259671697,
ADANIPORTS,6/10/2019,27578.64063,2272329600,NIFTY 50,2.274633692,
ADANIPORTS,6/11/2019,27789.33984,1824700000,NIFTY 50,0.763994215,
ADANIPORTS,6/12/2019,27308.46094,1866884200,NIFTY 50,-1.730443791,
ADANIPORTS,6/13/2019,27294.71094,1846303100,NIFTY 50,-0.050350695,
ADANIPORTS,6/14/2019,27118.34961,2031083500,NIFTY 50,-0.646137376,
ADANIPORTS,6/17/2019,27227.16016,1487266700,NIFTY 50,0.401243249,
ADANIPORTS,6/18/2019,27498.76953,1550614700,NIFTY 50,0.997567772,
ADANIPORTS,6/19/2019,28202.14063,2076060300,NIFTY 50,2.557827517,
ADANIPORTS,6/20/2019,28550.42969,1820185000,NIFTY 50,1.234973854,
ADANIPORTS,6/21/2019,28473.71094,2171897300,NIFTY 50,-0.268713119,
ADANIPORTS,6/24/2019,28513,1338833200,NIFTY 50,0.137983637,
ADANIPORTS,6/25/2019,28185.98047,1851984100,NIFTY 50,-1.146913797,
ADANIPORTS,6/26/2019,28221.98047,1431402200,NIFTY 50,0.127723072,
ADANIPORTS,6/27/2019,28621.41992,1679897500,NIFTY 50,1.415348768,
ADANIPORTS,6/28/2019,28542.61914,1486688000,NIFTY 50,-0.275321005,
ADANIPORTS,7/2/2019,28875.56055,2110432700,NIFTY 50,1.166471109,
ADANIPORTS,7/3/2019,28855.14063,1291301500,NIFTY 50,-0.070716972,
ADANIPORTS,7/4/2019,28795.76953,928449700,NIFTY 50,-0.205755691,
ADANIPORTS,7/5/2019,28774.83008,846919500,NIFTY 50,-0.072717116,
ADANIPORTS,7/8/2019,28331.68945,1250874300,NIFTY 50,-1.540028642,
ADANIPORTS,7/9/2019,28116.2793,1218475000,NIFTY 50,-0.760315252,
ADANIPORTS,7/10/2019,28204.68945,1013012100,NIFTY 50,0.314444721,
ADANIPORTS,7/11/2019,28431.80078,1067070900,NIFTY 50,0.805225416,
ADANIPORTS,7/12/2019,28471.61914,1204492700,NIFTY 50,0.140048674,
ADANIPORTS,7/15/2019,28554.88086,1317116400,NIFTY 50,0.292437594,
ADANIPORTS,7/16/2019,28619.61914,1024681900,NIFTY 50,0.226715294,
ADANIPORTS,7/17/2019,28593.16992,950441100,NIFTY 50,-0.092416391,
ADANIPORTS,7/18/2019,28461.66016,925037300,NIFTY 50,-0.459934195,
ADANIPORTS,7/19/2019,28765.40039,1261012300,NIFTY 50,1.067190857,
ADANIPORTS,7/22/2019,28371.25977,1104886500,NIFTY 50,-1.370189949,
ADANIPORTS,7/23/2019,28466.48047,950029300,NIFTY 50,0.33562381,
ADANIPORTS,7/24/2019,28524.03906,1075821900,NIFTY 50,0.202197789,
ADANIPORTS,7/25/2019,28594.30078,974264600,NIFTY 50,0.246324575,
ADANIPORTS,7/26/2019,28397.74023,1320699900,NIFTY 50,-0.687411623,
ADANIPORTS,7/29/2019,28106.41016,1563572300,NIFTY 50,-1.025891763,
ADANIPORTS,7/30/2019,28146.5,1147561000,NIFTY 50,0.142635946,
ADANIPORTS,7/31/2019,27777.75,1287084400,NIFTY 50,-1.310109605,
ADANIPORTS,8/1/2019,27565.69922,1736444000,NIFTY 50,-0.763383575,
ADANIPORTS,8/2/2019,26918.58008,2317609200,NIFTY 50,-2.347552064,
ADANIPORTS,8/5/2019,26151.32031,2120745300,NIFTY 50,-2.850298057,
ADANIPORTS,8/6/2019,25976.24023,2751867000,NIFTY 50,-0.669488488,
ADANIPORTS,8/7/2019,25997.0293,1671335000,NIFTY 50,0.08003107,
ADANIPORTS,8/8/2019,26120.76953,1658129900,NIFTY 50,0.475978361,
ADANIPORTS,8/9/2019,25939.30078,1357616900,NIFTY 50,-0.694729724,
ADANIPORTS,8/12/2019,25824.7207,1200393600,NIFTY 50,-0.44172385,
ADANIPORTS,8/13/2019,25281.30078,1979089800,NIFTY 50,-2.104262533,
ADANIPORTS,8/14/2019,25302.2793,1915522900,NIFTY 50,0.082980366,
ADANIPORTS,8/15/2019,25495.46094,2145864600,NIFTY 50,0.763495015,
ADANIPORTS,8/16/2019,25734.2207,2022477500,NIFTY 50,0.9364795,
ADANIPORTS,8/19/2019,26291.83984,2144882700,NIFTY 50,2.166839041,
ADANIPORTS,8/20/2019,26231.53906,1822936100,NIFTY 50,-0.229351698,
ADANIPORTS,8/21/2019,26270.03906,1701479200,NIFTY 50,0.146769886,
ADANIPORTS,8/22/2019,26048.7207,1780728400,NIFTY 50,-0.842474423,
ADANIPORTS,8/23/2019,26179.33008,1621440900,NIFTY 50,0.501404182,
ADANIPORTS,8/26/2019,25680.33008,2475604900,NIFTY 50,-1.906083916,
ADANIPORTS,8/27/2019,25664.07031,2214167200,NIFTY 50,-0.063316028,
ADANIPORTS,8/28/2019,25615.48047,1462114400,NIFTY 50,-0.189330233,
ADANIPORTS,8/29/2019,25703.5,1784869100,NIFTY 50,0.343618505,
ADANIPORTS,8/30/2019,25724.73047,2017892000,NIFTY 50,0.08259758,
ADANIPORTS,9/2/2019,25626.55078,1295066700,NIFTY 50,-0.381654875,
ADANIPORTS,9/3/2019,25527.84961,1149210200,NIFTY 50,-0.385151997,
ADANIPORTS,9/4/2019,26523.23047,2688524600,NIFTY 50,3.899195879,
ADANIPORTS,9/5/2019,26515.5293,1996619100,NIFTY 50,-0.029035573,
ADANIPORTS,9/6/2019,26690.75977,1895344700,NIFTY 50,0.660859782,
ADANIPORTS,9/9/2019,26681.40039,1700948300,NIFTY 50,-0.035065974,
ADANIPORTS,9/10/2019,26683.67969,1738020300,NIFTY 50,0.008542644,
ADANIPORTS,9/11/2019,27159.06055,2072246200,NIFTY 50,1.781541619,
ADANIPORTS,9/12/2019,27087.63086,1337046900,NIFTY 50,-0.263005003,
ADANIPORTS,9/13/2019,27352.68945,1176496300,NIFTY 50,0.978522616,
ADANIPORTS,9/16/2019,27124.55078,2189101500,NIFTY 50,-0.834063036,
ADANIPORTS,9/17/2019,26790.24023,1850715100,NIFTY 50,-1.232501691,
ADANIPORTS,9/18/2019,26754.11914,1372644100,NIFTY 50,-0.134829299,
ADANIPORTS,9/19/2019,26468.94922,1330417000,NIFTY 50,-1.06589165,
ADANIPORTS,9/20/2019,26435.66992,1972985800,NIFTY 50,-0.125729574,
ADANIPORTS,9/23/2019,26222.40039,1285452900,NIFTY 50,-0.806749107,
ADANIPORTS,9/24/2019,26281,2089366000,NIFTY 50,0.223471567,
ADANIPORTS,9/25/2019,25945.34961,1762622300,NIFTY 50,-1.277159891,
ADANIPORTS,9/26/2019,26041.92969,1700238600,NIFTY 50,0.372244277,
ADANIPORTS,9/27/2019,25954.81055,984279500,NIFTY 50,-0.334534123,
ADANIPORTS,9/30/2019,26092.26953,1343934800,NIFTY 50,0.52960889,
ADANIPORTS,10/2/2019,26042.68945,1202153800,NIFTY 50,-0.190018266,
ADANIPORTS,10/3/2019,26110.31055,1142351000,NIFTY 50,0.259654803,
ADANIPORTS,10/4/2019,25821.0293,1137243700,NIFTY 50,-1.107919607,
ADANIPORTS,10/8/2019,25893.40039,1779110400,NIFTY 50,0.280279663,
ADANIPORTS,10/9/2019,25682.81055,1588334500,NIFTY 50,-0.813295438,
ADANIPORTS,10/10/2019,25707.92969,1434231600,NIFTY 50,0.097805265,
ADANIPORTS,10/11/2019,26308.43945,2030977900,NIFTY 50,2.335893136,
ADANIPORTS,10/14/2019,26521.84961,2096251800,NIFTY 50,0.811185157,
ADANIPORTS,10/15/2019,26503.92969,1569211500,NIFTY 50,-0.067566634,
ADANIPORTS,10/16/2019,26664.2793,1689389100,NIFTY 50,0.605003148,
ADANIPORTS,10/17/2019,26848.49023,1403839300,NIFTY 50,0.690852863,
ADANIPORTS,10/18/2019,26719.58008,1541856100,NIFTY 50,-0.480139311,
ADANIPORTS,10/21/2019,26725.67969,1045151500,NIFTY 50,0.02282824,
ADANIPORTS,10/22/2019,26786.19922,1496851400,NIFTY 50,0.226447116,
ADANIPORTS,10/23/2019,26566.73047,1270778600,NIFTY 50,-0.819335167,
ADANIPORTS,10/24/2019,26797.94922,1496729000,NIFTY 50,0.870331975,
ADANIPORTS,10/25/2019,26667.39063,1151226200,NIFTY 50,-0.487196214,
ADANIPORTS,10/28/2019,26891.25977,1476176200,NIFTY 50,0.839486488,
ADANIPORTS,10/29/2019,26786.75977,1515348700,NIFTY 50,-0.388602099,
ADANIPORTS,10/30/2019,26667.71094,1554112000,NIFTY 50,-0.444431611,
ADANIPORTS,10/31/2019,26906.7207,1907594000,NIFTY 50,0.896251521,
ADANIPORTS,11/1/2019,27100.75977,1421451500,NIFTY 50,0.721154633,
ADANIPORTS,11/4/2019,27547.30078,1777502800,NIFTY 50,1.647706628,
ADANIPORTS,11/5/2019,27683.40039,1748633300,NIFTY 50,0.494057879,
ADANIPORTS,11/6/2019,27688.64063,1316670900,NIFTY 50,0.018929156,
ADANIPORTS,11/7/2019,27847.23047,1353594600,NIFTY 50,0.572761394,
ADANIPORTS,11/8/2019,27651.14063,1491797400,NIFTY 50,-0.704162822,
ADANIPORTS,11/11/2019,26926.55078,1921659900,NIFTY 50,-2.620469997,
ADANIPORTS,11/12/2019,27065.2793,1149626200,NIFTY 50,0.515210868,
ADANIPORTS,11/13/2019,26571.46094,1855002900,NIFTY 50,-1.824545587,
ADANIPORTS,11/14/2019,26323.68945,1554697800,NIFTY 50,-0.932472195,
ADANIPORTS,11/15/2019,26326.66016,1180282700,NIFTY 50,0.011285284,
ADANIPORTS,11/18/2019,26681.08984,1425323100,NIFTY 50,1.346276686,
ADANIPORTS,11/19/2019,27093.80078,1542578800,NIFTY 50,1.546829381,
ADANIPORTS,11/20/2019,26889.60938,1333243700,NIFTY 50,-0.753646222,
ADANIPORTS,11/21/2019,26466.88086,1712162300,NIFTY 50,-1.572088721,
ADANIPORTS,11/22/2019,26595.08008,1100431900,NIFTY 50,0.484376001,
ADANIPORTS,11/25/2019,26993.03906,1497175900,NIFTY 50,1.496363176,
ADANIPORTS,11/26/2019,26913.91992,2416392100,NIFTY 50,-0.293109423,
ADANIPORTS,11/27/2019,26954,1133748200,NIFTY 50,0.148919511,
ADANIPORTS,11/28/2019,26893.73047,998841900,NIFTY 50,-0.223601436,
ADANIPORTS,11/29/2019,26346.49023,2004856800,NIFTY 50,-2.034824569,
ADANIPORTS,12/2/2019,26444.7207,1348911800,NIFTY 50,0.372840815,
ADANIPORTS,12/3/2019,26391.30078,1795451800,NIFTY 50,-0.202005998,
ADANIPORTS,12/4/2019,26062.56055,1502327900,NIFTY 50,-1.245638617,
ADANIPORTS,12/5/2019,26217.03906,1228026600,NIFTY 50,0.592721946,
ADANIPORTS,12/6/2019,26498.36914,1644211100,NIFTY 50,1.07308105,
ADANIPORTS,12/9/2019,26494.73047,1301819900,NIFTY 50,-0.013731683,
ADANIPORTS,12/10/2019,26436.61914,956293300,NIFTY 50,-0.219331644,
ADANIPORTS,12/11/2019,26645.42969,1409589200,NIFTY 50,0.789853445,
ADANIPORTS,12/12/2019,26994.14063,1451721900,NIFTY 50,1.308708252,
ADANIPORTS,12/13/2019,27687.75977,2212195500,NIFTY 50,2.569517402,
ADANIPORTS,12/16/2019,27508.08984,1421412600,NIFTY 50,-0.648914623,
ADANIPORTS,12/17/2019,27843.71094,1926224500,NIFTY 50,1.220081423,
ADANIPORTS,12/18/2019,27884.21094,0,NIFTY 50,0.14545475,
ADANIPORTS,12/19/2019,27800.49023,1296810200,NIFTY 50,-0.300244121,
ADANIPORTS,12/20/2019,27871.34961,1680024400,NIFTY 50,0.254885343,
ADANIPORTS,12/23/2019,27906.41016,1216834000,NIFTY 50,0.125794221,
ADANIPORTS,12/24/2019,27864.21094,483984100,NIFTY 50,-0.151216935,
ADANIPORTS,12/27/2019,28225.41992,1375016100,NIFTY 50,1.296318725,
ADANIPORTS,12/30/2019,28319.39063,1420447400,NIFTY 50,0.332929336,
ADANIPORTS,12/31/2019,28189.75,873713900,NIFTY 50,-0.457780419,
ADANIPORTS,1/2/2020,28543.51953,1262732800,NIFTY 50,1.254958029,
ADANIPORTS,1/3/2020,28451.5,1797904800,NIFTY 50,-0.322383268,
ADANIPORTS,1/6/2020,28226.18945,1793426600,NIFTY 50,-0.791910961,
ADANIPORTS,1/7/2020,28322.06055,1302687200,NIFTY 50,0.339652981,
ADANIPORTS,1/8/2020,28087.91992,1709241600,NIFTY 50,-0.826707593,
ADANIPORTS,1/9/2020,28561,1692786200,NIFTY 50,1.684283063,
ADANIPORTS,1/10/2020,28638.19922,1448401000,NIFTY 50,0.270295925,
ADANIPORTS,1/13/2020,28954.93945,1765055700,NIFTY 50,1.106006113,
ADANIPORTS,1/14/2020,28885.14063,1643504700,NIFTY 50,-0.241060176,
ADANIPORTS,1/15/2020,28773.58984,1240120700,NIFTY 50,-0.386187426,
ADANIPORTS,1/16/2020,28883.03906,1620926200,NIFTY 50,0.380380827,
ADANIPORTS,1/17/2020,29056.41992,1545082800,NIFTY 50,0.600286066,
ADANIPORTS,1/20/2020,28795.91016,1633383900,NIFTY 50,-0.896565257,
ADANIPORTS,1/21/2020,27985.33008,2236521700,NIFTY 50,-2.814913901,
ADANIPORTS,1/22/2020,28341.03906,1343288100,NIFTY 50,1.271055171,
ADANIPORTS,1/23/2020,27909.11914,1753263000,NIFTY 50,-1.524008774,
ADANIPORTS,1/24/2020,27949.64063,612128700,NIFTY 50,0.145190838,
ADANIPORTS,1/29/2020,27160.63086,2203836100,NIFTY 50,-2.82296927,
ADANIPORTS,1/30/2020,26449.13086,2223567800,NIFTY 50,-2.61960042,
ADANIPORTS,1/31/2020,26312.63086,1874255200,NIFTY 50,-0.516085011,
ADANIPORTS,2/3/2020,26356.98047,2421482700,NIFTY 50,0.168548748,
ADANIPORTS,2/4/2020,26675.98047,2500238100,NIFTY 50,1.21030556,
ADANIPORTS,2/5/2020,26786.74023,2498930800,NIFTY 50,0.415204101,
ADANIPORTS,2/6/2020,27493.69922,2249533900,NIFTY 50,2.639212457,
ADANIPORTS,2/7/2020,27404.26953,1464514700,NIFTY 50,-0.325273392,
ADANIPORTS,2/10/2020,27241.33984,1612017900,NIFTY 50,-0.594541251,
ADANIPORTS,2/11/2020,27583.88086,1868625400,NIFTY 50,1.257430864,
ADANIPORTS,2/12/2020,27823.66016,1796561200,NIFTY 50,0.869273248,
ADANIPORTS,2/13/2020,27730,1617010200,NIFTY 50,-0.336620543,
ADANIPORTS,2/14/2020,27815.59961,1445335900,NIFTY 50,0.308689538,
ADANIPORTS,2/17/2020,27959.59961,1412999200,NIFTY 50,0.517695114,
ADANIPORTS,2/18/2020,27530.19922,1592221400,NIFTY 50,-1.535788767,
ADANIPORTS,2/19/2020,27655.81055,1471538100,NIFTY 50,0.456267414,
ADANIPORTS,2/20/2020,27609.16016,1582073100,NIFTY 50,-0.16868206,
ADANIPORTS,2/21/2020,27308.81055,1773613400,NIFTY 50,-1.087862171,
ADANIPORTS,2/24/2020,26820.88086,2044657000,NIFTY 50,-1.786711608,
ADANIPORTS,2/25/2020,26893.23047,1924042900,NIFTY 50,0.269751058,
ADANIPORTS,2/26/2020,26696.49023,0,NIFTY 50,-0.731560439,
ADANIPORTS,2/27/2020,26778.61914,2110369700,NIFTY 50,0.307639342,
ADANIPORTS,2/28/2020,26129.92969,3191426200,NIFTY 50,-2.42241562,
ADANIPORTS,3/2/2020,26291.67969,2201535600,NIFTY 50,0.619021949,
ADANIPORTS,3/3/2020,26284.82031,2136295000,NIFTY 50,-0.026089527,
ADANIPORTS,3/4/2020,26222.07031,1957062400,NIFTY 50,-0.238730945,
ADANIPORTS,3/5/2020,26767.86914,2522843200,NIFTY 50,2.081448267,
ADANIPORTS,3/6/2020,26146.66992,2646519300,NIFTY 50,-2.320689838,
ADANIPORTS,3/9/2020,25040.46094,4677892400,NIFTY 50,-4.230783451,
ADANIPORTS,3/10/2020,25392.50977,3225661100,NIFTY 50,1.405919918,
ADANIPORTS,3/11/2020,25231.60938,2627625600,NIFTY 50,-0.633652965,
ADANIPORTS,3/12/2020,24309.07031,3748928400,NIFTY 50,-3.656283071,
ADANIPORTS,3/13/2020,24032.91016,5495155700,NIFTY 50,-1.13603751,
ADANIPORTS,3/16/2020,23063.57031,4067029300,NIFTY 50,-4.033385207,
ADANIPORTS,3/17/2020,23263.73047,3637973700,NIFTY 50,0.867862839,
ADANIPORTS,3/18/2020,22291.82031,4217153600,NIFTY 50,-4.177791508,
ADANIPORTS,3/19/2020,21709.13086,5628397600,NIFTY 50,-2.613915983,
ADANIPORTS,3/20/2020,22805.07031,4528187900,NIFTY 50,5.048288027,
ADANIPORTS,3/23/2020,21696.13086,0,NIFTY 50,-4.86268816,
ADANIPORTS,3/24/2020,22663.49023,3614066700,NIFTY 50,4.458672292,
ADANIPORTS,3/25/2020,23527.18945,3605374900,NIFTY 50,3.810971788,
ADANIPORTS,3/26/2020,23352.33984,2519508100,NIFTY 50,-0.74318103,
ADANIPORTS,3/27/2020,23484.2793,2199674300,NIFTY 50,0.564994574,
ADANIPORTS,3/30/2020,23175.10938,2553435900,NIFTY 50,-1.316497381,
ADANIPORTS,3/31/2020,23603.48047,2876326600,NIFTY 50,1.848410236,
ADANIPORTS,4/1/2020,23085.78906,2879977600,NIFTY 50,-2.193284192,
ADANIPORTS,4/2/2020,23280.06055,2560937400,NIFTY 50,0.841519792,
ADANIPORTS,4/3/2020,23236.10938,1870630600,NIFTY 50,-0.188793203,
ADANIPORTS,4/6/2020,23749.11914,1834036600,NIFTY 50,2.207812667,
ADANIPORTS,4/7/2020,24253.28906,2535034600,NIFTY 50,2.12289946,
ADANIPORTS,4/8/2020,23970.36914,1840854100,NIFTY 50,-1.166521874,
ADANIPORTS,4/9/2020,24300.33008,1725334600,NIFTY 50,1.376536736,
ADANIPORTS,4/14/2020,24435.40039,2050447800,NIFTY 50,0.555837359,
ADANIPORTS,4/15/2020,24145.33984,1906625200,NIFTY 50,-1.187050518,
ADANIPORTS,4/16/2020,24006.44922,1865473400,NIFTY 50,-0.57522746,
ADANIPORTS,4/17/2020,24380,1937579000,NIFTY 50,1.556043451,
ADANIPORTS,4/20/2020,24330.01953,1375091600,NIFTY 50,-0.205006025,
ADANIPORTS,4/21/2020,23793.55078,2160661700,NIFTY 50,-2.204966376,
ADANIPORTS,4/22/2020,23893.35938,1668362400,NIFTY 50,0.419477509,
ADANIPORTS,4/23/2020,23977.32031,1814344800,NIFTY 50,0.351398632,
ADANIPORTS,4/24/2020,23831.33008,1301664900,NIFTY 50,-0.608868018,
ADANIPORTS,4/27/2020,24280.14063,1592713000,NIFTY 50,1.883279471,
ADANIPORTS,4/28/2020,24575.96094,1687557300,NIFTY 50,1.218363261,
ADANIPORTS,4/29/2020,24643.58984,1648009000,NIFTY 50,0.27518316,
ADANIPORTS,5/4/2020,23613.80078,2556774000,NIFTY 50,-4.178729923,
ADANIPORTS,5/5/2020,23868.66016,1332967300,NIFTY 50,1.079281465,
ADANIPORTS,5/6/2020,24137.48047,0,NIFTY 50,1.126248022,
ADANIPORTS,5/7/2020,23980.63086,1317060000,NIFTY 50,-0.649817657,
ADANIPORTS,5/8/2020,24230.16992,1274113200,NIFTY 50,1.040585898,
ADANIPORTS,5/11/2020,24602.06055,1458200000,NIFTY 50,1.534824668,
ADANIPORTS,5/12/2020,24245.67969,1479628600,NIFTY 50,-1.448581343,
ADANIPORTS,5/13/2020,24180.30078,1359038500,NIFTY 50,-0.269651781,
ADANIPORTS,5/14/2020,23829.74023,1697720800,NIFTY 50,-1.449777446,
ADANIPORTS,5/15/2020,23797.4707,1509478600,NIFTY 50,-0.135417049,
ADANIPORTS,5/18/2020,23934.76953,1645114700,NIFTY 50,0.576947146,
ADANIPORTS,5/19/2020,24388.13086,2022987500,NIFTY 50,1.894153722,
ADANIPORTS,5/20/2020,24399.94922,1432021300,NIFTY 50,0.048459474,
ADANIPORTS,5/21/2020,24280.0293,1474345000,NIFTY 50,-0.491476113,
ADANIPORTS,5/22/2020,22930.14063,3680989100,NIFTY 50,-5.55966657,
ADANIPORTS,5/25/2020,22952.24023,1769029000,NIFTY 50,0.096377992,
ADANIPORTS,5/26/2020,23384.66016,1421148200,NIFTY 50,1.883998763,
ADANIPORTS,5/27/2020,23301.35938,1837146100,NIFTY 50,-0.356219763,
ADANIPORTS,5/28/2020,23132.75977,2356792600,NIFTY 50,-0.723561258,
ADANIPORTS,5/29/2020,22961.4707,3621412000,NIFTY 50,-0.740460994,
ADANIPORTS,6/1/2020,23732.51953,2569148800,NIFTY 50,3.358011505,
ADANIPORTS,6/2/2020,23995.93945,1813293900,NIFTY 50,1.109953461,
ADANIPORTS,6/3/2020,24325.61914,2455118300,NIFTY 50,1.373897816,
ADANIPORTS,6/4/2020,24366.30078,1888873500,NIFTY 50,0.16723784,
ADANIPORTS,6/5/2020,24770.41016,2397618300,NIFTY 50,1.658476511,
ADANIPORTS,6/8/2020,24776.76953,2123439500,NIFTY 50,0.025673273,
ADANIPORTS,6/9/2020,25057.2207,2203396500,NIFTY 50,1.131911776,
ADANIPORTS,6/10/2020,25049.73047,1971349200,NIFTY 50,-0.029892517,
ADANIPORTS,6/11/2020,24480.15039,1838958200,NIFTY 50,-2.273797232,
ADANIPORTS,6/12/2020,24301.38086,1824519600,NIFTY 50,-0.73026321,
ADANIPORTS,6/15/2020,23776.94922,2104538300,NIFTY 50,-2.158032266,
ADANIPORTS,6/16/2020,24344.08984,1611589900,NIFTY 50,2.385253969,
ADANIPORTS,6/17/2020,24481.41016,1278279300,NIFTY 50,0.564080698,
ADANIPORTS,6/18/2020,24464.93945,1811327100,NIFTY 50,-0.067278408,
ADANIPORTS,6/19/2020,24643.89063,2390285700,NIFTY 50,0.731459697,
ADANIPORTS,6/22/2020,24511.33984,1612294200,NIFTY 50,-0.53786467,
ADANIPORTS,6/23/2020,24907.33984,1549053700,NIFTY 50,1.615578759,
ADANIPORTS,6/24/2020,24781.58008,1431913700,NIFTY 50,-0.504910467,
ADANIPORTS,6/26/2020,24549.99023,1509260100,NIFTY 50,-0.934524123,
ADANIPORTS,6/29/2020,24301.2793,1835855400,NIFTY 50,-1.013079576,
ADANIPORTS,6/30/2020,24427.18945,1892323300,NIFTY 50,0.518121513,
ADANIPORTS,7/2/2020,25124.18945,2746546400,NIFTY 50,2.853377796,
ADANIPORTS,7/3/2020,25373.11914,2320568900,NIFTY 50,0.990796891,
ADANIPORTS,7/6/2020,26339.16016,4883381900,NIFTY 50,3.807340397,
ADANIPORTS,7/7/2020,25975.66016,3913840700,NIFTY 50,-1.380074375,
ADANIPORTS,7/8/2020,26129.17969,2582679500,NIFTY 50,0.591013014,
ADANIPORTS,7/9/2020,26210.16016,2452681700,NIFTY 50,0.309923499,
ADANIPORTS,7/10/2020,25727.41016,2142150800,NIFTY 50,-1.841843,
ADANIPORTS,7/13/2020,25772.11914,2127288800,NIFTY 50,0.173779579,
ADANIPORTS,7/14/2020,25477.89063,2180279200,NIFTY 50,-1.141654337,
ADANIPORTS,7/15/2020,25481.58008,1849317300,NIFTY 50,0.014480999,
ADANIPORTS,7/16/2020,24970.68945,1935051700,NIFTY 50,-2.004940916,
ADANIPORTS,7/17/2020,25089.16992,1362500400,NIFTY 50,0.474478165,
ADANIPORTS,7/20/2020,25057.99023,1650620500,NIFTY 50,-0.124275487,
ADANIPORTS,7/21/2020,25635.66016,1752171900,NIFTY 50,2.305332218,
ADANIPORTS,7/22/2020,25057.93945,2390051200,NIFTY 50,-2.253582313,
ADANIPORTS,7/23/2020,25263,0,NIFTY 50,0.818345608,
ADANIPORTS,7/24/2020,24705.33008,3029706400,NIFTY 50,-2.207457238,
ADANIPORTS,7/27/2020,24603.25977,1491211000,NIFTY 50,-0.413150975,
ADANIPORTS,7/28/2020,24772.75977,1358418200,NIFTY 50,0.688933099,
ADANIPORTS,7/29/2020,24883.14063,1080335100,NIFTY 50,0.445573525,
ADANIPORTS,7/30/2020,24710.58984,1779681900,NIFTY 50,-0.693444544,
ADANIPORTS,7/31/2020,24595.34961,1763233900,NIFTY 50,-0.466359709,
ADANIPORTS,8/3/2020,24458.13086,2012723100,NIFTY 50,-0.557905263,
ADANIPORTS,8/4/2020,24946.63086,1906615900,NIFTY 50,1.99729081,
ADANIPORTS,8/5/2020,25102.53906,1477936300,NIFTY 50,0.624966974,
ADANIPORTS,8/6/2020,24930.58008,1596206100,NIFTY 50,-0.685026262,
ADANIPORTS,8/7/2020,24531.61914,1610164700,NIFTY 50,-1.600287421,
ADANIPORTS,8/10/2020,24377.42969,1256444100,NIFTY 50,-0.628533535,
ADANIPORTS,8/11/2020,24890.67969,1628363900,NIFTY 50,2.105431157,
ADANIPORTS,8/12/2020,25244.01953,1763950100,NIFTY 50,1.419566872,
ADANIPORTS,8/13/2020,25230.66992,1761196500,NIFTY 50,-0.052882264,
ADANIPORTS,8/14/2020,25183.00977,1429766800,NIFTY 50,-0.188897703,
ADANIPORTS,8/17/2020,25347.33984,1955689100,NIFTY 50,0.652543439,
ADANIPORTS,8/18/2020,25367.38086,1534776000,NIFTY 50,0.079065555,
ADANIPORTS,8/19/2020,25178.91016,1132238600,NIFTY 50,-0.742964771,
ADANIPORTS,8/20/2020,24791.39063,1995701500,NIFTY 50,-1.539063957,
ADANIPORTS,8/21/2020,25113.83984,1210267900,NIFTY 50,1.300649987,
ADANIPORTS,8/24/2020,25551.58008,1352263800,NIFTY 50,1.743023913,
ADANIPORTS,8/25/2020,25486.2207,1350837400,NIFTY 50,-0.255793868,
ADANIPORTS,8/26/2020,25491.78906,1319876200,NIFTY 50,0.021848512,
ADANIPORTS,8/27/2020,25281.15039,1701268300,NIFTY 50,-0.826300074,
ADANIPORTS,8/28/2020,25422.06055,2065272600,NIFTY 50,0.557372405,
ADANIPORTS,8/31/2020,25177.05078,3195378200,NIFTY 50,-0.963768321,
ADANIPORTS,9/1/2020,25184.84961,1729452000,NIFTY 50,0.030975939,
ADANIPORTS,9/2/2020,25120.08984,2349955800,NIFTY 50,-0.257137787,
ADANIPORTS,9/3/2020,25007.59961,2007341100,NIFTY 50,-0.447809843,
ADANIPORTS,9/4/2020,24695.44922,3393745100,NIFTY 50,-1.24822212,
ADANIPORTS,9/7/2020,24589.65039,1682872900,NIFTY 50,-0.428414268,
ADANIPORTS,9/8/2020,24624.33984,2074591000,NIFTY 50,0.141073388,
ADANIPORTS,9/9/2020,24468.92969,1749348400,NIFTY 50,-0.631124152,
ADANIPORTS,9/10/2020,24313.53906,1349478000,NIFTY 50,-0.635052808,
ADANIPORTS,9/11/2020,24503.31055,1306598900,NIFTY 50,0.780517733,
ADANIPORTS,9/14/2020,24640.2793,1091380700,NIFTY 50,0.558980591,
ADANIPORTS,9/15/2020,24732.75977,1733769600,NIFTY 50,0.375322324,
ADANIPORTS,9/16/2020,24725.63086,1303202100,NIFTY 50,-0.028823743,
ADANIPORTS,9/17/2020,24340.84961,1630900300,NIFTY 50,-1.556203974,
ADANIPORTS,9/18/2020,24455.41016,2301812900,NIFTY 50,0.47065139,
ADANIPORTS,9/21/2020,23950.68945,1602081500,NIFTY 50,-2.063840679,
ADANIPORTS,9/22/2020,23716.84961,1553227700,NIFTY 50,-0.976338675,
ADANIPORTS,9/23/2020,23742.50977,1642933400,NIFTY 50,0.108193784,
ADANIPORTS,9/24/2020,23311.07031,1913657500,NIFTY 50,-1.817160263,
ADANIPORTS,9/25/2020,23235.41992,1794075400,NIFTY 50,-0.324525601,
ADANIPORTS,9/28/2020,23476.05078,1446839400,NIFTY 50,1.035620875,
ADANIPORTS,9/29/2020,23275.5293,1526746600,NIFTY 50,-0.854153392,
ADANIPORTS,9/30/2020,23459.05078,1453016000,NIFTY 50,0.788473945,
ADANIPORTS,10/5/2020,23767.7793,1420427500,NIFTY 50,1.316031577,
ADANIPORTS,10/6/2020,23980.65039,1325452200,NIFTY 50,0.895628874,
ADANIPORTS,10/7/2020,24242.85938,1537076100,NIFTY 50,1.093418985,
ADANIPORTS,10/8/2020,24193.34961,1182030300,NIFTY 50,-0.204224119,
ADANIPORTS,10/9/2020,24119.13086,1358969500,NIFTY 50,-0.306773354,
ADANIPORTS,10/12/2020,24649.67969,2430403500,NIFTY 50,2.199701275,
ADANIPORTS,10/14/2020,24667.08984,2550042800,NIFTY 50,0.070630354,
ADANIPORTS,10/15/2020,24158.53906,2134202800,NIFTY 50,-2.061656986,
ADANIPORTS,10/16/2020,24386.78906,2697525100,NIFTY 50,0.944800509,
ADANIPORTS,10/22/2018,7468.629883,2282400000,S&P 500,0.26312283,
ADANIPORTS,10/23/2018,7437.540039,2735820000,S&P 500,-0.416272388,
ADANIPORTS,10/24/2018,7108.399902,2935550000,S&P 500,-4.425389783,
ADANIPORTS,10/25/2018,7318.339844,2741810000,S&P 500,2.953406461,
ADANIPORTS,10/26/2018,7167.209961,2964780000,S&P 500,-2.065084243,
ADANIPORTS,10/29/2018,7050.290039,2689550000,S&P 500,-1.631317104,
ADANIPORTS,10/30/2018,7161.649902,2681310000,S&P 500,1.579507543,
ADANIPORTS,10/31/2018,7305.899902,2899730000,S&P 500,2.014200666,
ADANIPORTS,11/1/2018,7434.060059,2708880000,S&P 500,1.754200834,
ADANIPORTS,11/2/2018,7356.990234,2889910000,S&P 500,-1.036712434,
ADANIPORTS,11/5/2018,7328.850098,2166470000,S&P 500,-0.38249522,
ADANIPORTS,11/6/2018,7375.959961,2285680000,S&P 500,0.642800199,
ADANIPORTS,11/7/2018,7570.75,2677530000,S&P 500,2.64087712,
ADANIPORTS,11/8/2018,7530.879883,2462430000,S&P 500,-0.526633649,
ADANIPORTS,11/9/2018,7406.899902,2418490000,S&P 500,-1.646288122,
ADANIPORTS,11/12/2018,7200.870117,2289070000,S&P 500,-2.781592673,
ADANIPORTS,11/13/2018,7200.870117,2343940000,S&P 500,0,
ADANIPORTS,11/14/2018,7136.390137,2540220000,S&P 500,-0.895447063,
ADANIPORTS,11/15/2018,7259.029785,2508720000,S&P 500,1.718510979,
ADANIPORTS,11/16/2018,7247.870117,2438260000,S&P 500,-0.15373498,
ADANIPORTS,11/19/2018,7028.47998,2354020000,S&P 500,-3.026960106,
ADANIPORTS,11/20/2018,6908.819824,2664950000,S&P 500,-1.702504046,
ADANIPORTS,11/21/2018,6972.25,1858050000,S&P 500,0.91810436,
ADANIPORTS,11/23/2018,6938.97998,958950000,S&P 500,-0.477177669,
ADANIPORTS,11/26/2018,7081.850098,2011180000,S&P 500,2.058949852,
ADANIPORTS,11/27/2018,7082.700195,2067360000,S&P 500,0.012003883,
ADANIPORTS,11/28/2018,7291.589844,2390260000,S&P 500,2.949293959,
ADANIPORTS,11/29/2018,7273.080078,1983460000,S&P 500,-0.253850894,
ADANIPORTS,11/30/2018,7330.540039,2542820000,S&P 500,0.790036139,
ADANIPORTS,12/3/2018,7441.509766,2621020000,S&P 500,1.513800162,
ADANIPORTS,12/4/2018,7158.430176,2635810000,S&P 500,-3.804061258,
ADANIPORTS,12/6/2018,7188.259766,2833870000,S&P 500,0.416705748,
ADANIPORTS,12/7/2018,6969.25,2475160000,S&P 500,-3.046770333,
ADANIPORTS,12/10/2018,7020.52002,2367560000,S&P 500,0.735660509,
ADANIPORTS,12/11/2018,7031.830078,2246060000,S&P 500,0.161100004,
ADANIPORTS,12/12/2018,7098.310059,2412300000,S&P 500,0.945415066,
ADANIPORTS,12/13/2018,7070.330078,2143520000,S&P 500,-0.394178062,
ADANIPORTS,12/14/2018,6910.660156,2200510000,S&P 500,-2.258309304,
ADANIPORTS,12/17/2018,6753.72998,2665240000,S&P 500,-2.270842039,
ADANIPORTS,12/18/2018,6783.910156,2595400000,S&P 500,0.446866785,
ADANIPORTS,12/19/2018,6636.830078,2899950000,S&P 500,-2.168072315,
ADANIPORTS,12/20/2018,6528.410156,3258090000,S&P 500,-1.633610033,
ADANIPORTS,12/21/2018,6332.990234,4534120000,S&P 500,-2.993376907,
ADANIPORTS,12/24/2018,6192.919922,1647270000,S&P 500,-2.211756324,
ADANIPORTS,12/26/2018,6554.359863,2558940000,S&P 500,5.836341266,
ADANIPORTS,12/27/2018,6579.490234,2415870000,S&P 500,0.383414575,
ADANIPORTS,12/28/2018,6584.52002,2199090000,S&P 500,0.076446439,
ADANIPORTS,12/31/2018,6635.279785,2098560000,S&P 500,0.770895446,
ADANIPORTS,1/2/2019,6665.939941,2261800000,S&P 500,0.462077817,
ADANIPORTS,1/3/2019,6463.5,2607290000,S&P 500,-3.036930167,
ADANIPORTS,1/4/2019,6738.859863,2579550000,S&P 500,4.260228406,
ADANIPORTS,1/7/2019,6823.470215,2507550000,S&P 500,1.255558859,
ADANIPORTS,1/8/2019,6897,2380290000,S&P 500,1.077601025,
ADANIPORTS,1/9/2019,6957.080078,2422590000,S&P 500,0.871104509,
ADANIPORTS,1/10/2019,6986.069824,2179080000,S&P 500,0.416694154,
ADANIPORTS,1/11/2019,6971.47998,2066500000,S&P 500,-0.208841944,
ADANIPORTS,1/14/2019,6905.919922,1942210000,S&P 500,-0.940403733,
ADANIPORTS,1/15/2019,7023.830078,2038090000,S&P 500,1.707377979,
ADANIPORTS,1/16/2019,7034.689941,2149580000,S&P 500,0.154614546,
ADANIPORTS,1/17/2019,7084.459961,2128840000,S&P 500,0.707494153,
ADANIPORTS,1/18/2019,7157.22998,2451240000,S&P 500,1.027178069,
ADANIPORTS,1/22/2019,7020.359863,2380950000,S&P 500,-1.912333646,
ADANIPORTS,1/23/2019,7025.77002,2274420000,S&P 500,0.077063813,
ADANIPORTS,1/24/2019,7073.459961,2400290000,S&P 500,0.678785967,
ADANIPORTS,1/25/2019,7164.859863,2440840000,S&P 500,1.292152674,
ADANIPORTS,1/28/2019,7085.680176,2435480000,S&P 500,-1.105111454,
ADANIPORTS,1/29/2019,7028.290039,2089690000,S&P 500,-0.809945349,
ADANIPORTS,1/30/2019,7183.080078,2544050000,S&P 500,2.202385476,
ADANIPORTS,1/31/2019,7281.740234,2918710000,S&P 500,1.373507673,
ADANIPORTS,2/1/2019,7263.870117,2383430000,S&P 500,-0.245409977,
ADANIPORTS,2/4/2019,7347.540039,2099470000,S&P 500,1.151864236,
ADANIPORTS,2/5/2019,7402.080078,2265520000,S&P 500,0.742289783,
ADANIPORTS,2/6/2019,7375.279785,2167130000,S&P 500,-0.362064348,
ADANIPORTS,2/7/2019,7288.350098,2295080000,S&P 500,-1.178662905,
ADANIPORTS,2/8/2019,7298.200195,2086260000,S&P 500,0.135148516,
ADANIPORTS,2/11/2019,7307.899902,1897800000,S&P 500,0.132905466,
ADANIPORTS,2/12/2019,7414.620117,2124330000,S&P 500,1.460340405,
ADANIPORTS,2/13/2019,7420.379883,2093800000,S&P 500,0.077681202,
ADANIPORTS,2/14/2019,7426.950195,2103370000,S&P 500,0.088544146,
ADANIPORTS,2/15/2019,7472.410156,2257750000,S&P 500,0.612094599,
ADANIPORTS,2/19/2019,7486.77002,2120790000,S&P 500,0.192171785,
ADANIPORTS,2/20/2019,7489.069824,2181760000,S&P 500,0.03071824,
ADANIPORTS,2/21/2019,7459.709961,2119080000,S&P 500,-0.392036177,
ADANIPORTS,2/22/2019,7527.540039,2417680000,S&P 500,0.909285728,
ADANIPORTS,2/25/2019,7554.459961,2363140000,S&P 500,0.357619114,
ADANIPORTS,2/26/2019,7549.299805,2257710000,S&P 500,-0.068306087,
ADANIPORTS,2/27/2019,7554.509766,2423360000,S&P 500,0.069012506,
ADANIPORTS,2/28/2019,7532.529785,2647080000,S&P 500,-0.290951785,
ADANIPORTS,3/1/2019,7595.350098,2463190000,S&P 500,0.833986918,
ADANIPORTS,3/4/2019,7577.569824,2569590000,S&P 500,-0.234094199,
ADANIPORTS,3/5/2019,7576.359863,2142610000,S&P 500,-0.015967665,
ADANIPORTS,3/6/2019,7505.919922,2242810000,S&P 500,-0.929733306,
ADANIPORTS,3/7/2019,7421.459961,2440840000,S&P 500,-1.125244632,
ADANIPORTS,3/8/2019,7408.140137,2245430000,S&P 500,-0.179477139,
ADANIPORTS,3/11/2019,7558.060059,2226950000,S&P 500,2.023718764,
ADANIPORTS,3/12/2019,7591.029785,2161400000,S&P 500,0.436219423,
ADANIPORTS,3/13/2019,7643.410156,2366350000,S&P 500,0.690029844,
ADANIPORTS,3/14/2019,7630.910156,2176510000,S&P 500,-0.163539569,
ADANIPORTS,3/15/2019,7688.529785,3447190000,S&P 500,0.755082,
ADANIPORTS,3/18/2019,7714.47998,2274490000,S&P 500,0.3375183,
ADANIPORTS,3/19/2019,7723.950195,2433160000,S&P 500,0.122758955,
ADANIPORTS,3/20/2019,7728.970215,2424400000,S&P 500,0.06499291,
ADANIPORTS,3/21/2019,7838.959961,2483580000,S&P 500,1.423084097,
ADANIPORTS,3/22/2019,7642.669922,2490730000,S&P 500,-2.504031657,
ADANIPORTS,3/25/2019,7637.540039,2130230000,S&P 500,-0.067121609,
ADANIPORTS,3/26/2019,7691.52002,2068900000,S&P 500,0.706771823,
ADANIPORTS,3/27/2019,7643.379883,2221650000,S&P 500,-0.62588587,
ADANIPORTS,3/28/2019,7669.169922,1902060000,S&P 500,0.337416685,
ADANIPORTS,3/29/2019,7729.319824,2233470000,S&P 500,0.784307854,
ADANIPORTS,4/1/2019,7828.910156,2198050000,S&P 500,1.288474721,
ADANIPORTS,4/2/2019,7848.689941,2110100000,S&P 500,0.252650556,
ADANIPORTS,4/3/2019,7895.549805,2487210000,S&P 500,0.597040581,
ADANIPORTS,4/4/2019,7891.779785,2094200000,S&P 500,-0.04774867,
ADANIPORTS,4/5/2019,7938.689941,2148730000,S&P 500,0.594417955,
ADANIPORTS,4/8/2019,7953.879883,2069190000,S&P 500,0.191340663,
ADANIPORTS,4/9/2019,7909.279785,2067570000,S&P 500,-0.560733864,
ADANIPORTS,4/10/2019,7964.240234,1998280000,S&P 500,0.694885634,
ADANIPORTS,4/11/2019,7947.359863,1956840000,S&P 500,-0.211952057,
ADANIPORTS,4/12/2019,7984.160156,1955290000,S&P 500,0.463050543,
ADANIPORTS,4/15/2019,7976.009766,1816920000,S&P 500,-0.102081995,
ADANIPORTS,4/16/2019,8000.22998,2095330000,S&P 500,0.303663294,
ADANIPORTS,4/17/2019,7996.080078,2290690000,S&P 500,-0.051872284,
ADANIPORTS,4/18/2019,7998.060059,2089360000,S&P 500,0.024761896,
ADANIPORTS,4/22/2019,8015.27002,1776060000,S&P 500,0.215176691,
ADANIPORTS,4/23/2019,8120.819824,2075070000,S&P 500,1.316858992,
ADANIPORTS,4/24/2019,8102.009766,2022490000,S&P 500,-0.231627575,
ADANIPORTS,4/25/2019,8118.680176,2063270000,S&P 500,0.205756479,
ADANIPORTS,4/26/2019,8146.399902,1971270000,S&P 500,0.341431432,
ADANIPORTS,4/29/2019,8161.850098,1761110000,S&P 500,0.189656734,
ADANIPORTS,4/30/2019,8095.390137,2115770000,S&P 500,-0.814275688,
ADANIPORTS,5/1/2019,8049.640137,2247420000,S&P 500,-0.565136445,
ADANIPORTS,5/2/2019,8036.77002,2158600000,S&P 500,-0.159884377,
ADANIPORTS,5/3/2019,8164,2046040000,S&P 500,1.58309843,
ADANIPORTS,5/6/2019,8123.290039,1966120000,S&P 500,-0.498652144,
ADANIPORTS,5/7/2019,7963.759766,2376660000,S&P 500,-1.963862822,
ADANIPORTS,5/8/2019,7943.319824,2175100000,S&P 500,-0.256661961,
ADANIPORTS,5/9/2019,7910.589844,2520770000,S&P 500,-0.412044091,
ADANIPORTS,5/10/2019,7916.939941,2387720000,S&P 500,0.080273369,
ADANIPORTS,5/13/2019,7647.02002,2478860000,S&P 500,-3.409397103,
ADANIPORTS,5/14/2019,7734.490234,2084850000,S&P 500,1.143847064,
ADANIPORTS,5/15/2019,7822.149902,2001530000,S&P 500,1.13336064,
ADANIPORTS,5/16/2019,7898.049805,2163120000,S&P 500,0.970320231,
ADANIPORTS,5/17/2019,7816.279785,2134120000,S&P 500,-1.035319123,
ADANIPORTS,5/20/2019,7702.379883,2122410000,S&P 500,-1.457213727,
ADANIPORTS,5/21/2019,7785.720215,1993210000,S&P 500,1.082007552,
ADANIPORTS,5/22/2019,7750.839844,1881830000,S&P 500,-0.448004424,
ADANIPORTS,5/23/2019,7628.279785,2243420000,S&P 500,-1.581248761,
ADANIPORTS,5/24/2019,7637.009766,1682920000,S&P 500,0.114442328,
ADANIPORTS,5/28/2019,7607.350098,2352670000,S&P 500,-0.388367554,
ADANIPORTS,5/29/2019,7547.310059,2278790000,S&P 500,-0.789237228,
ADANIPORTS,5/30/2019,7567.720215,1872000000,S&P 500,0.270429542,
ADANIPORTS,5/31/2019,7453.149902,2236940000,S&P 500,-1.513934312,
ADANIPORTS,6/3/2019,7333.02002,2576920000,S&P 500,-1.611800159,
ADANIPORTS,6/4/2019,7527.120117,2369150000,S&P 500,2.646932594,
ADANIPORTS,6/5/2019,7575.47998,2115570000,S&P 500,0.642474974,
ADANIPORTS,6/6/2019,7615.549805,2070940000,S&P 500,0.528941072,
ADANIPORTS,6/7/2019,7742.100098,2066020000,S&P 500,1.661735479,
ADANIPORTS,6/10/2019,7823.169922,2049370000,S&P 500,1.047129629,
ADANIPORTS,6/11/2019,7822.569824,2114680000,S&P 500,-0.007670778,
ADANIPORTS,6/12/2019,7792.720215,1952790000,S&P 500,-0.381583158,
ADANIPORTS,6/13/2019,7837.129883,1838930000,S&P 500,0.569886596,
ADANIPORTS,6/14/2019,7796.660156,1804340000,S&P 500,-0.516384539,
ADANIPORTS,6/17/2019,7845.02002,1935290000,S&P 500,0.620263844,
ADANIPORTS,6/18/2019,7953.879883,2244920000,S&P 500,1.387630149,
ADANIPORTS,6/19/2019,7987.319824,2014080000,S&P 500,0.420423007,
ADANIPORTS,6/20/2019,8051.339844,2053530000,S&P 500,0.801520678,
ADANIPORTS,6/21/2019,8031.709961,2894340000,S&P 500,-0.243808899,
ADANIPORTS,6/24/2019,8005.700195,2070370000,S&P 500,-0.323838462,
ADANIPORTS,6/25/2019,7884.720215,2127310000,S&P 500,-1.511173002,
ADANIPORTS,6/26/2019,7909.970215,2104750000,S&P 500,0.320239645,
ADANIPORTS,6/27/2019,7967.759766,2023120000,S&P 500,0.730591259,
ADANIPORTS,6/28/2019,8006.240234,4078990000,S&P 500,0.482952161,
ADANIPORTS,7/1/2019,8091.160156,2208900000,S&P 500,1.06067167,
ADANIPORTS,7/2/2019,8109.089844,1946320000,S&P 500,0.221596009,
ADANIPORTS,7/3/2019,8170.22998,1548190000,S&P 500,0.753970386,
ADANIPORTS,7/5/2019,8161.790039,149410000,S&P 500,-0.103301144,
ADANIPORTS,7/8/2019,8098.379883,177320000,S&P 500,-0.776914815,
ADANIPORTS,7/9/2019,8141.72998,1866770000,S&P 500,0.535293449,
ADANIPORTS,7/10/2019,8202.530273,2060510000,S&P 500,0.746773636,
ADANIPORTS,7/11/2019,8196.040039,1966970000,S&P 500,-0.07912478,
ADANIPORTS,7/12/2019,8244.139648,1824870000,S&P 500,0.586864007,
ADANIPORTS,7/15/2019,8258.19043,1783980000,S&P 500,0.170433576,
ADANIPORTS,7/16/2019,8222.799805,1933960000,S&P 500,-0.428551815,
ADANIPORTS,7/17/2019,8185.209961,1846960000,S&P 500,-0.457141666,
ADANIPORTS,7/18/2019,8207.240234,2016310000,S&P 500,0.269147317,
ADANIPORTS,7/19/2019,8146.490234,1878730000,S&P 500,-0.740200095,
ADANIPORTS,7/22/2019,8204.139648,1845770000,S&P 500,0.707659524,
ADANIPORTS,7/23/2019,8251.400391,1832220000,S&P 500,0.576059709,
ADANIPORTS,7/24/2019,8321.5,1947550000,S&P 500,0.849548024,
ADANIPORTS,7/25/2019,8238.540039,2023130000,S&P 500,-0.99693518,
ADANIPORTS,7/26/2019,8330.209961,1954350000,S&P 500,1.112696201,
ADANIPORTS,7/29/2019,8293.330078,1874780000,S&P 500,-0.442724531,
ADANIPORTS,7/30/2019,8273.610352,1884300000,S&P 500,-0.23777814,
ADANIPORTS,7/31/2019,8175.419922,2667060000,S&P 500,-1.186790601,
ADANIPORTS,8/1/2019,8111.120117,2792650000,S&P 500,-0.786501557,
ADANIPORTS,8/2/2019,8004.069824,2252550000,S&P 500,-1.319796667,
ADANIPORTS,8/5/2019,7726.040039,2636740000,S&P 500,-3.473605192,
ADANIPORTS,8/6/2019,7833.27002,2201610000,S&P 500,1.387903511,
ADANIPORTS,8/7/2019,7862.830078,2453230000,S&P 500,0.377365493,
ADANIPORTS,8/8/2019,8039.160156,2415670000,S&P 500,2.242577752,
ADANIPORTS,8/9/2019,7959.140137,2224330000,S&P 500,-0.995377844,
ADANIPORTS,8/12/2019,7863.410156,2056360000,S&P 500,-1.202767879,
ADANIPORTS,8/13/2019,8016.359863,2346980000,S&P 500,1.945081128,
ADANIPORTS,8/14/2019,7773.939941,2522870000,S&P 500,-3.024064864,
ADANIPORTS,8/15/2019,7766.620117,2182590000,S&P 500,-0.094158484,
ADANIPORTS,8/16/2019,7895.990234,1995130000,S&P 500,1.665719644,
ADANIPORTS,8/19/2019,8002.810059,1934980000,S&P 500,1.352836336,
ADANIPORTS,8/20/2019,7948.560059,1747580000,S&P 500,-0.677886887,
ADANIPORTS,8/21/2019,8020.209961,1716370000,S&P 500,0.901419898,
ADANIPORTS,8/22/2019,7991.390137,1777630000,S&P 500,-0.359340019,
ADANIPORTS,8/23/2019,7751.77002,2207070000,S&P 500,-2.998478524,
ADANIPORTS,8/26/2019,7853.740234,1688860000,S&P 500,1.315444263,
ADANIPORTS,8/27/2019,7826.950195,1913760000,S&P 500,-0.341111855,
ADANIPORTS,8/28/2019,7856.879883,1656930000,S&P 500,0.382392723,
ADANIPORTS,8/29/2019,7973.390137,1700840000,S&P 500,1.48290741,
ADANIPORTS,8/30/2019,7962.879883,1665840000,S&P 500,-0.131816628,
ADANIPORTS,9/3/2019,7874.160156,1936210000,S&P 500,-1.114166336,
ADANIPORTS,9/4/2019,7976.879883,1891300000,S&P 500,1.304516608,
ADANIPORTS,9/5/2019,8116.830078,2096300000,S&P 500,1.754447817,
ADANIPORTS,9/6/2019,8103.069824,1876380000,S&P 500,-0.169527437,
ADANIPORTS,9/9/2019,8087.439941,2172240000,S&P 500,-0.192888416,
ADANIPORTS,9/10/2019,8084.160156,2362860000,S&P 500,-0.040554057,
ADANIPORTS,9/11/2019,8169.680176,2310440000,S&P 500,1.057871422,
ADANIPORTS,9/12/2019,8194.469727,2159260000,S&P 500,0.303433555,
ADANIPORTS,9/13/2019,8176.709961,1976770000,S&P 500,-0.216728679,
ADANIPORTS,9/16/2019,8153.540039,1869220000,S&P 500,-0.283364851,
ADANIPORTS,9/17/2019,8186.02002,1850340000,S&P 500,0.398354345,
ADANIPORTS,9/18/2019,8177.390137,2034880000,S&P 500,-0.105422207,
ADANIPORTS,9/19/2019,8182.879883,1792700000,S&P 500,0.067133228,
ADANIPORTS,9/20/2019,8117.669922,3359380000,S&P 500,-0.796907225,
ADANIPORTS,9/23/2019,8112.459961,1780160000,S&P 500,-0.064180498,
ADANIPORTS,9/24/2019,7993.629883,2302600000,S&P 500,-1.46478477,
ADANIPORTS,9/25/2019,8077.379883,2015270000,S&P 500,1.047709254,
ADANIPORTS,9/26/2019,8030.660156,1832800000,S&P 500,-0.578402003,
ADANIPORTS,9/27/2019,7939.629883,2037720000,S&P 500,-1.133534121,
ADANIPORTS,9/30/2019,7999.339844,1805820000,S&P 500,0.752049678,
ADANIPORTS,10/1/2019,7908.680176,2243650000,S&P 500,-1.133339373,
ADANIPORTS,10/2/2019,7785.25,2495160000,S&P 500,-1.56069247,
ADANIPORTS,10/3/2019,7872.259766,2141490000,S&P 500,1.117623275,
ADANIPORTS,10/4/2019,7982.470215,1736890000,S&P 500,1.399984913,
ADANIPORTS,10/7/2019,7956.290039,1739450000,S&P 500,-0.327970857,
ADANIPORTS,10/8/2019,7823.779785,1933580000,S&P 500,-1.665477922,
ADANIPORTS,10/9/2019,7903.740234,1553900000,S&P 500,1.022018145,
ADANIPORTS,10/10/2019,7950.779785,1778740000,S&P 500,0.59515558,
ADANIPORTS,10/11/2019,8057.040039,2176080000,S&P 500,1.336475879,
ADANIPORTS,10/14/2019,8048.649902,1419730000,S&P 500,-0.104134235,
ADANIPORTS,10/15/2019,8148.709961,1836650000,S&P 500,1.2431906,
ADANIPORTS,10/16/2019,8124.180176,1886720000,S&P 500,-0.301026606,
ADANIPORTS,10/17/2019,8156.850098,1861570000,S&P 500,0.402131923,
ADANIPORTS,10/18/2019,8089.540039,2012930000,S&P 500,-0.825196714,
ADANIPORTS,10/21/2019,8162.990234,1752860000,S&P 500,0.907965034,
ADANIPORTS,10/22/2019,8104.299805,1847200000,S&P 500,-0.718981982,
ADANIPORTS,10/23/2019,8119.790039,1805030000,S&P 500,0.191135994,
ADANIPORTS,10/24/2019,8185.799805,1882490000,S&P 500,0.812949173,
ADANIPORTS,10/25/2019,8243.120117,1894740000,S&P 500,0.700240824,
ADANIPORTS,10/28/2019,8325.990234,1956280000,S&P 500,1.005324632,
ADANIPORTS,10/29/2019,8276.849609,1834530000,S&P 500,-0.590207574,
ADANIPORTS,10/30/2019,8303.980469,1928420000,S&P 500,0.32779211,
ADANIPORTS,10/31/2019,8292.360352,2258270000,S&P 500,-0.139934301,
ADANIPORTS,11/1/2019,8386.400391,2057310000,S&P 500,1.134056348,
ADANIPORTS,11/4/2019,8433.200195,2149910000,S&P 500,0.558043998,
ADANIPORTS,11/5/2019,8434.679688,2316710000,S&P 500,0.017543672,
ADANIPORTS,11/6/2019,8410.629883,2332650000,S&P 500,-0.285130033,
ADANIPORTS,11/7/2019,8434.519531,2393950000,S&P 500,0.284041128,
ADANIPORTS,11/8/2019,8475.30957,1974190000,S&P 500,0.483608329,
ADANIPORTS,11/11/2019,8464.280273,1715470000,S&P 500,-0.130134444,
ADANIPORTS,11/12/2019,8486.089844,1987820000,S&P 500,0.257665983,
ADANIPORTS,11/13/2019,8482.099609,2173320000,S&P 500,-0.04702089,
ADANIPORTS,11/14/2019,8479.019531,2106550000,S&P 500,-0.036312684,
ADANIPORTS,11/15/2019,8540.830078,2188210000,S&P 500,0.728982246,
ADANIPORTS,11/18/2019,8549.94043,2047240000,S&P 500,0.106668227,
ADANIPORTS,11/19/2019,8570.660156,2075000000,S&P 500,0.242337665,
ADANIPORTS,11/20/2019,8526.730469,2596030000,S&P 500,-0.512558965,
ADANIPORTS,11/21/2019,8506.209961,2056230000,S&P 500,-0.24066092,
ADANIPORTS,11/22/2019,8519.879883,1877090000,S&P 500,0.160705203,
ADANIPORTS,11/25/2019,8632.490234,2256070000,S&P 500,1.321736369,
ADANIPORTS,11/26/2019,8647.929688,2434570000,S&P 500,0.178852841,
ADANIPORTS,11/27/2019,8705.179688,1744580000,S&P 500,0.662008158,
ADANIPORTS,11/29/2019,8665.469727,1099090000,S&P 500,-0.456164748,
ADANIPORTS,12/2/2019,8567.990234,2225940000,S&P 500,-1.124918742,
ADANIPORTS,12/3/2019,8520.639648,2308600000,S&P 500,-0.552645191,
ADANIPORTS,12/4/2019,8566.669922,2150680000,S&P 500,0.540220874,
ADANIPORTS,12/5/2019,8570.700195,2123380000,S&P 500,0.04704597,
ADANIPORTS,12/6/2019,8656.530273,2053530000,S&P 500,1.001436009,
ADANIPORTS,12/9/2019,8621.830078,2088520000,S&P 500,-0.4008557,
ADANIPORTS,12/10/2019,8616.179688,2053390000,S&P 500,-0.065535854,
ADANIPORTS,12/11/2019,8654.049805,1937850000,S&P 500,0.439523297,
ADANIPORTS,12/12/2019,8717.320313,2388270000,S&P 500,0.731108665,
ADANIPORTS,12/13/2019,8734.879883,2188720000,S&P 500,0.201433117,
ADANIPORTS,12/16/2019,8814.230469,2346290000,S&P 500,0.908433625,
ADANIPORTS,12/17/2019,8823.360352,2374120000,S&P 500,0.103581169,
ADANIPORTS,12/18/2019,8827.740234,2727870000,S&P 500,0.049639614,
ADANIPORTS,12/19/2019,8887.219727,2415950000,S&P 500,0.673779375,
ADANIPORTS,12/20/2019,8924.959961,3825460000,S&P 500,0.424657375,
ADANIPORTS,12/23/2019,8945.650391,2025450000,S&P 500,0.231826586,
ADANIPORTS,12/24/2019,8952.879883,1014520000,S&P 500,0.080815723,
ADANIPORTS,12/26/2019,9022.389648,1634920000,S&P 500,0.776395595,
ADANIPORTS,12/27/2019,9006.620117,1832200000,S&P 500,-0.174782199,
ADANIPORTS,12/30/2019,8945.990234,2042420000,S&P 500,-0.673170204,
ADANIPORTS,12/31/2019,8972.599609,2182800000,S&P 500,0.297444713,
ADANIPORTS,1/2/2020,9092.19043,2848370000,S&P 500,1.33284473,
ADANIPORTS,1/3/2020,9020.769531,2567400000,S&P 500,-0.785519172,
ADANIPORTS,1/6/2020,9071.469727,2788120000,S&P 500,0.56203848,
ADANIPORTS,1/7/2020,9068.580078,2352850000,S&P 500,-0.031854254,
ADANIPORTS,1/8/2020,9129.240234,2464090000,S&P 500,0.668904674,
ADANIPORTS,1/9/2020,9203.429688,2534700000,S&P 500,0.812657484,
ADANIPORTS,1/10/2020,9178.860352,2378990000,S&P 500,-0.26695848,
ADANIPORTS,1/13/2020,9273.929688,2530270000,S&P 500,1.035742264,
ADANIPORTS,1/14/2020,9251.330078,2542170000,S&P 500,-0.243689685,
ADANIPORTS,1/15/2020,9258.700195,2435650000,S&P 500,0.079665485,
ADANIPORTS,1/16/2020,9357.129883,2301400000,S&P 500,1.06310482,
ADANIPORTS,1/17/2020,9388.94043,2522670000,S&P 500,0.339960516,
ADANIPORTS,1/21/2020,9370.80957,2684540000,S&P 500,-0.193108691,
ADANIPORTS,1/22/2020,9383.769531,2449390000,S&P 500,0.138301402,
ADANIPORTS,1/23/2020,9402.480469,2460050000,S&P 500,0.19939682,
ADANIPORTS,1/24/2020,9314.910156,2611710000,S&P 500,-0.931353309,
ADANIPORTS,1/27/2020,9139.30957,2583330000,S&P 500,-1.885155982,
ADANIPORTS,1/28/2020,9269.679688,2157830000,S&P 500,1.426476661,
ADANIPORTS,1/29/2020,9275.160156,2223480000,S&P 500,0.059122518,
ADANIPORTS,1/30/2020,9298.929688,2333500000,S&P 500,0.256270852,
ADANIPORTS,1/31/2020,9150.94043,2685840000,S&P 500,-1.591465502,
ADANIPORTS,2/3/2020,9273.400391,2420510000,S&P 500,1.338222688,
ADANIPORTS,2/4/2020,9467.969727,2445420000,S&P 500,2.098144454,
ADANIPORTS,2/5/2020,9508.679688,2462470000,S&P 500,0.429975614,
ADANIPORTS,2/6/2020,9572.150391,2267300000,S&P 500,0.667502798,
ADANIPORTS,2/7/2020,9520.509766,2238670000,S&P 500,-0.539488233,
ADANIPORTS,2/10/2020,9628.389648,2179310000,S&P 500,1.133131362,
ADANIPORTS,2/11/2020,9638.94043,2423670000,S&P 500,0.109579923,
ADANIPORTS,2/12/2020,9725.959961,2355000000,S&P 500,0.90279146,
ADANIPORTS,2/13/2020,9711.969727,2239270000,S&P 500,-0.143844248,
ADANIPORTS,2/14/2020,9731.179688,2222240000,S&P 500,0.197796755,
ADANIPORTS,2/18/2020,9732.740234,2273460000,S&P 500,0.016036555,
ADANIPORTS,2/19/2020,9817.179688,2462530000,S&P 500,0.867581503,
ADANIPORTS,2/20/2020,9750.969727,2735610000,S&P 500,-0.674429552,
ADANIPORTS,2/21/2020,9576.589844,2743010000,S&P 500,-1.788333754,
ADANIPORTS,2/24/2020,9221.280273,3177000000,S&P 500,-3.710188875,
ADANIPORTS,2/25/2020,8965.610352,3583400000,S&P 500,-2.772607636,
ADANIPORTS,2/26/2020,8980.780273,3567830000,S&P 500,0.169201208,
ADANIPORTS,2/27/2020,8566.480469,4536080000,S&P 500,-4.613182724,
ADANIPORTS,2/28/2020,8567.370117,5301170000,S&P 500,0.010385222,
ADANIPORTS,3/2/2020,8952.169922,4232760000,S&P 500,4.491457702,
ADANIPORTS,3/3/2020,8684.089844,4336700000,S&P 500,-2.994582099,
ADANIPORTS,3/4/2020,9018.089844,3602870000,S&P 500,3.846114055,
ADANIPORTS,3/5/2020,8738.589844,3748090000,S&P 500,-3.099325964,
ADANIPORTS,3/6/2020,8575.620117,4279850000,S&P 500,-1.864943085,
ADANIPORTS,3/9/2020,7950.680176,4530350000,S&P 500,-7.287402339,
ADANIPORTS,3/10/2020,8344.25,4431930000,S&P 500,4.950140306,
ADANIPORTS,3/11/2020,7952.049805,4273890000,S&P 500,-4.700245019,
ADANIPORTS,3/12/2020,7201.799805,5066530000,S&P 500,-9.434674309,
ADANIPORTS,3/13/2020,7874.879883,4685890000,S&P 500,9.34599817,
ADANIPORTS,3/16/2020,6904.589844,4594360000,S&P 500,-12.32133129,
ADANIPORTS,3/17/2020,7334.779785,4900000000,S&P 500,6.230492335,
ADANIPORTS,3/18/2020,6989.839844,4890820000,S&P 500,-4.702798872,
ADANIPORTS,3/19/2020,7150.580078,4762170000,S&P 500,2.299626853,
ADANIPORTS,3/20/2020,6879.52002,5239940000,S&P 500,-3.79074222,
ADANIPORTS,3/23/2020,6860.669922,4330610000,S&P 500,-0.274003098,
ADANIPORTS,3/24/2020,7417.859863,4417380000,S&P 500,8.121509231,
ADANIPORTS,3/25/2020,7384.299805,4666440000,S&P 500,-0.452422378,
ADANIPORTS,3/26/2020,7797.540039,3999850000,S&P 500,5.596200654,
ADANIPORTS,3/27/2020,7502.379883,3977010000,S&P 500,-3.78529837,
ADANIPORTS,3/30/2020,7774.149902,3846900000,S&P 500,3.622450785,
ADANIPORTS,3/31/2020,7700.100098,4059700000,S&P 500,-0.9525132,
ADANIPORTS,4/1/2020,7360.580078,3685510000,S&P 500,-4.409293589,
ADANIPORTS,4/2/2020,7487.310059,3608190000,S&P 500,1.721739043,
ADANIPORTS,4/3/2020,7373.080078,3279100000,S&P 500,-1.525647797,
ADANIPORTS,4/6/2020,7913.240234,3849100000,S&P 500,7.3261127,
ADANIPORTS,4/7/2020,7887.259766,4069410000,S&P 500,-0.328316432,
ADANIPORTS,4/8/2020,8090.899902,3470730000,S&P 500,2.581887018,
ADANIPORTS,4/9/2020,8153.580078,4123670000,S&P 500,0.774699684,
ADANIPORTS,4/13/2020,8192.419922,3146860000,S&P 500,0.476353254,
ADANIPORTS,4/14/2020,8515.740234,3732820000,S&P 500,3.946578851,
ADANIPORTS,4/15/2020,8393.179688,3333750000,S&P 500,-1.439223633,
ADANIPORTS,4/16/2020,8532.360352,3995870000,S&P 500,1.658259077,
ADANIPORTS,4/17/2020,8650.139648,4335020000,S&P 500,1.380383518,
ADANIPORTS,4/20/2020,8560.730469,3796950000,S&P 500,-1.03361544,
ADANIPORTS,4/21/2020,8263.230469,3756290000,S&P 500,-3.475170735,
ADANIPORTS,4/22/2020,8495.379883,3025060000,S&P 500,2.809426832,
ADANIPORTS,4/23/2020,8494.75,3734720000,S&P 500,-0.007414418,
ADANIPORTS,4/24/2020,8634.519531,3673170000,S&P 500,1.645363678,
ADANIPORTS,4/27/2020,8730.160156,3678460000,S&P 500,1.107654278,
ADANIPORTS,4/28/2020,8607.730469,3707540000,S&P 500,-1.402376186,
ADANIPORTS,4/29/2020,8914.709961,4378540000,S&P 500,3.566323238,
ADANIPORTS,4/30/2020,8889.549805,4316380000,S&P 500,-0.282231908,
ADANIPORTS,5/1/2020,8604.950195,3722520000,S&P 500,-3.201507571,
ADANIPORTS,5/4/2020,8710.709961,3422150000,S&P 500,1.229057271,
ADANIPORTS,5/5/2020,8809.120117,3913360000,S&P 500,1.129760449,
ADANIPORTS,5/6/2020,8854.389648,3620030000,S&P 500,0.513893901,
ADANIPORTS,5/7/2020,8979.660156,3762070000,S&P 500,1.414784225,
ADANIPORTS,5/8/2020,9121.320313,3777340000,S&P 500,1.577567019,
ADANIPORTS,5/11/2020,9192.339844,3898690000,S&P 500,0.778610207,
ADANIPORTS,5/12/2020,9002.549805,4315070000,S&P 500,-2.064654291,
ADANIPORTS,5/13/2020,8863.169922,4244110000,S&P 500,-1.548226736,
ADANIPORTS,5/14/2020,8943.719727,3945080000,S&P 500,0.908814856,
ADANIPORTS,5/15/2020,9014.55957,4221500000,S&P 500,0.792062421,
ADANIPORTS,5/18/2020,9234.830078,4318310000,S&P 500,2.44349717,
ADANIPORTS,5/19/2020,9185.099609,4144770000,S&P 500,-0.538509843,
ADANIPORTS,5/20/2020,9375.780273,4292470000,S&P 500,2.075978183,
ADANIPORTS,5/21/2020,9284.879883,3725950000,S&P 500,-0.969523467,
ADANIPORTS,5/22/2020,9324.589844,3641830000,S&P 500,0.427684165,
ADANIPORTS,5/26/2020,9340.219727,4432310000,S&P 500,0.167620059,
ADANIPORTS,5/27/2020,9412.360352,4462450000,S&P 500,0.772365395,
ADANIPORTS,5/28/2020,9368.990234,4064220000,S&P 500,-0.460778342,
ADANIPORTS,5/29/2020,9489.870117,423570000,S&P 500,1.290212499,
ADANIPORTS,6/1/2020,9552.049805,3824770000,S&P 500,0.655221697,
ADANIPORTS,6/2/2020,9608.379883,3962460000,S&P 500,0.589717172,
ADANIPORTS,6/3/2020,9682.910156,4638380000,S&P 500,0.775679916,
ADANIPORTS,6/4/2020,9615.80957,6074320000,S&P 500,-0.692979537,
ADANIPORTS,6/5/2020,9814.080078,6572850000,S&P 500,2.061922156,
ADANIPORTS,6/8/2020,9924.75,6143120000,S&P 500,1.127664754,
ADANIPORTS,6/9/2020,9953.75,5281860000,S&P 500,0.292198796,
ADANIPORTS,6/10/2020,10020.34961,5128400000,S&P 500,0.669090634,
ADANIPORTS,6/11/2020,9492.730469,5271000000,S&P 500,-5.265476361,
ADANIPORTS,6/12/2020,9588.80957,4366190000,S&P 500,1.012133456,
ADANIPORTS,6/15/2020,9726.019531,4440650000,S&P 500,1.430938429,
ADANIPORTS,6/16/2020,9895.870117,4639860000,S&P 500,1.746352508,
ADANIPORTS,6/17/2020,9910.530273,4249680000,S&P 500,0.148144184,
ADANIPORTS,6/18/2020,9943.049805,4294740000,S&P 500,0.3281311,
ADANIPORTS,6/19/2020,9946.120117,6068130000,S&P 500,0.030878976,
ADANIPORTS,6/22/2020,10056.48047,4468000000,S&P 500,1.109581934,
ADANIPORTS,6/23/2020,10131.37012,5712450000,S&P 500,0.744690434,
ADANIPORTS,6/24/2020,9909.169922,5549440000,S&P 500,-2.193189987,
ADANIPORTS,6/25/2020,10017,4709620000,S&P 500,1.088184771,
ADANIPORTS,6/26/2020,9757.219727,7279230000,S&P 500,-2.59339396,
ADANIPORTS,6/29/2020,9874.150391,4306120000,S&P 500,1.198401463,
ADANIPORTS,6/30/2020,10058.76953,4474000000,S&P 500,1.869721775,
ADANIPORTS,7/1/2020,10154.62988,4595970000,S&P 500,0.953002767,
ADANIPORTS,7/2/2020,10207.62988,4017530000,S&P 500,0.521929412,
ADANIPORTS,7/6/2020,10433.65039,4529480000,S&P 500,2.214231027,
ADANIPORTS,7/7/2020,10343.88965,4314110000,S&P 500,-0.860300467,
ADANIPORTS,7/8/2020,10492.5,3999180000,S&P 500,1.436696998,
ADANIPORTS,7/9/2020,10547.75,3992920000,S&P 500,0.526566595,
ADANIPORTS,7/10/2020,10617.44043,3509810000,S&P 500,0.660713707,
ADANIPORTS,7/13/2020,10390.83984,4822050000,S&P 500,-2.134229879,
ADANIPORTS,7/14/2020,10488.58008,4419480000,S&P 500,0.940638442,
ADANIPORTS,7/15/2020,10550.49023,4610540000,S&P 500,0.59026251,
ADANIPORTS,7/16/2020,10473.83008,4237290000,S&P 500,-0.726602786,
ADANIPORTS,7/17/2020,10503.19043,4334280000,S&P 500,0.280321065,
ADANIPORTS,7/20/2020,10767.08984,4274340000,S&P 500,2.512564309,
ADANIPORTS,7/21/2020,10680.36035,5311750000,S&P 500,-0.805505417,
ADANIPORTS,7/22/2020,10706.12988,4074020000,S&P 500,0.241279602,
ADANIPORTS,7/23/2020,10461.41992,4469470000,S&P 500,-2.285699535,
ADANIPORTS,7/24/2020,10363.17969,4205330000,S&P 500,-0.939071701,
ADANIPORTS,7/27/2020,10536.26953,4209900000,S&P 500,1.670238751,
ADANIPORTS,7/28/2020,10402.08984,3869230000,S&P 500,-1.273502795,
ADANIPORTS,7/29/2020,10542.94043,3970900000,S&P 500,1.354060464,
ADANIPORTS,7/30/2020,10587.80957,4135200000,S&P 500,0.425584687,
ADANIPORTS,7/31/2020,10745.26953,4418390000,S&P 500,1.487181649,
ADANIPORTS,8/3/2020,10902.79981,4173600000,S&P 500,1.466043021,
ADANIPORTS,8/4/2020,10941.16992,3973570000,S&P 500,0.351929025,
ADANIPORTS,8/5/2020,10998.40039,4119550000,S&P 500,0.523074492,
ADANIPORTS,8/6/2020,11108.07031,4086290000,S&P 500,0.997144295,
ADANIPORTS,8/7/2020,11010.98047,4230720000,S&P 500,-0.874047798,
ADANIPORTS,8/10/2020,10968.36035,4018530000,S&P 500,-0.387069227,
ADANIPORTS,8/11/2020,10782.82031,4303980000,S&P 500,-1.69159321,
ADANIPORTS,8/12/2020,11012.24023,3716840000,S&P 500,2.127642995,
ADANIPORTS,8/13/2020,11042.5,3444140000,S&P 500,0.274783017,
ADANIPORTS,8/14/2020,11019.29981,3491320000,S&P 500,-0.210099117,
ADANIPORTS,8/17/2020,11129.73047,3193160000,S&P 500,1.002156815,
ADANIPORTS,8/18/2020,11210.83984,3199470000,S&P 500,0.728763156,
ADANIPORTS,8/19/2020,11146.45996,3467890000,S&P 500,-0.574264586,
ADANIPORTS,8/20/2020,11264.9502,4170980000,S&P 500,1.063030185,
ADANIPORTS,8/21/2020,11311.79981,3905670000,S&P 500,0.415888301,
ADANIPORTS,8/24/2020,11379.71973,3885880000,S&P 500,0.600434265,
ADANIPORTS,8/25/2020,11466.46973,3454500000,S&P 500,0.76232106,
ADANIPORTS,8/26/2020,11665.05957,3441550000,S&P 500,1.731917911,
ADANIPORTS,8/27/2020,11625.33984,3535800000,S&P 500,-0.340501699,
ADANIPORTS,8/28/2020,11695.62988,2997810000,S&P 500,0.604627821,
ADANIPORTS,8/31/2020,11775.45996,3596980000,S&P 500,0.682563306,
ADANIPORTS,9/1/2020,11939.66992,3480780000,S&P 500,1.394509952,
ADANIPORTS,9/2/2020,12056.44043,3966140000,S&P 500,0.978004491,
ADANIPORTS,9/3/2020,11458.09961,4437500000,S&P 500,-4.96283148,
ADANIPORTS,9/4/2020,11313.12988,4269190000,S&P 500,-1.265216144,
ADANIPORTS,9/8/2020,10847.69043,3872230000,S&P 500,-4.114152828,
ADANIPORTS,9/9/2020,11141.55957,3531780000,S&P 500,2.709047994,
ADANIPORTS,9/10/2020,10919.58984,3814100000,S&P 500,-1.992268,
ADANIPORTS,9/11/2020,10853.54981,3609190000,S&P 500,-0.604784978,
ADANIPORTS,9/14/2020,11056.65039,3716820000,S&P 500,1.871282573,
ADANIPORTS,9/15/2020,11190.32031,3772820000,S&P 500,1.208954948,
ADANIPORTS,9/16/2020,11050.46973,3661710000,S&P 500,-1.249746049,
ADANIPORTS,9/17/2020,10910.28027,3726750000,S&P 500,-1.268628913,
ADANIPORTS,9/18/2020,10793.28027,5745690000,S&P 500,-1.072383083,
ADANIPORTS,9/21/2020,10778.79981,3885200000,S&P 500,-0.134161883,
ADANIPORTS,9/22/2020,10963.63965,3492020000,S&P 500,1.714846238,
ADANIPORTS,9/23/2020,10632.99023,4074600000,S&P 500,-3.01587269,
ADANIPORTS,9/24/2020,10672.26953,4080730000,S&P 500,0.369409697,
ADANIPORTS,9/25/2020,10913.55957,3767230000,S&P 500,2.260906533,
ADANIPORTS,9/28/2020,11117.53027,3562900000,S&P 500,1.868965865,
ADANIPORTS,9/29/2020,11085.25,3363870000,S&P 500,-0.290354712,
ADANIPORTS,9/30/2020,11167.50977,4228200000,S&P 500,0.74206505,
ADANIPORTS,10/1/2020,11326.50977,3978100000,S&P 500,1.4237731,
ADANIPORTS,10/2/2020,11075.01953,3715090000,S&P 500,-2.220368323,
ADANIPORTS,10/5/2020,11332.49023,3597940000,S&P 500,2.324787801,
ADANIPORTS,10/6/2020,11154.59961,4360550000,S&P 500,-1.569739936,
ADANIPORTS,10/7/2020,11364.59961,3891460000,S&P 500,1.882631447,
ADANIPORTS,10/8/2020,11420.98047,3486530000,S&P 500,0.496109515,
ADANIPORTS,10/9/2020,11579.94043,3475620000,S&P 500,1.391824121,
ADANIPORTS,10/12/2020,11876.25977,3862990000,S&P 500,2.558902075,
ADANIPORTS,10/13/2020,11863.90039,3607730000,S&P 500,-0.104067907,
ADANIPORTS,10/14/2020,11768.73047,3393010000,S&P 500,-0.802180724,
ADANIPORTS,10/15/2020,11713.87012,3304490000,S&P 500,-0.466153526,
ADANIPORTS,10/16/2020,11671.55957,3156270000,S&P 500,-0.361200411,
ADANIPORTS,10/22/2018,22614.82031,63000,NIKKEI 225,0.367210815,
ADANIPORTS,10/23/2018,22010.7793,80200,NIKKEI 225,-2.67099631,
ADANIPORTS,10/24/2018,22091.17969,83900,NIKKEI 225,0.365277348,
ADANIPORTS,10/25/2018,21268.73047,93600,NIKKEI 225,-3.722975552,
ADANIPORTS,10/26/2018,21184.59961,92900,NIKKEI 225,-0.395561268,
ADANIPORTS,10/29/2018,21149.80078,70800,NIKKEI 225,-0.164264743,
ADANIPORTS,10/30/2018,21457.28906,116900,NIKKEI 225,1.453858999,
ADANIPORTS,10/31/2018,21920.46094,105000,NIKKEI 225,2.158575921,
ADANIPORTS,11/1/2018,21687.65039,101900,NIKKEI 225,-1.062069578,
ADANIPORTS,11/2/2018,22243.66016,101900,NIKKEI 225,2.563716009,
ADANIPORTS,11/5/2018,21898.99023,78700,NIKKEI 225,-1.549519816,
ADANIPORTS,11/6/2018,22147.75,0,NIKKEI 225,1.135941719,
ADANIPORTS,11/7/2018,22085.80078,96300,NIKKEI 225,-0.27970886,
ADANIPORTS,11/8/2018,22486.91992,81900,NIKKEI 225,1.816185634,
ADANIPORTS,11/9/2018,22250.25,78100,NIKKEI 225,-1.052478164,
ADANIPORTS,11/12/2018,22269.88086,59300,NIKKEI 225,0.088227588,
ADANIPORTS,11/13/2018,21810.51953,85700,NIKKEI 225,-2.062702225,
ADANIPORTS,11/14/2018,21846.48047,75200,NIKKEI 225,0.164878869,
ADANIPORTS,11/15/2018,21803.61914,0,NIKKEI 225,-0.196193286,
ADANIPORTS,11/16/2018,21680.33984,74900,NIKKEI 225,-0.565407496,
ADANIPORTS,11/19/2018,21821.16016,72100,NIKKEI 225,0.649530003,
ADANIPORTS,11/20/2018,21583.11914,82500,NIKKEI 225,-1.090872407,
ADANIPORTS,11/21/2018,21507.53906,77300,NIKKEI 225,-0.350181443,
ADANIPORTS,11/22/2018,21646.55078,65900,NIKKEI 225,0.646339489,
ADANIPORTS,11/26/2018,21812,78000,NIKKEI 225,0.764321395,
ADANIPORTS,11/27/2018,21952.40039,74000,NIKKEI 225,0.643684169,
ADANIPORTS,11/28/2018,22177.01953,77600,NIKKEI 225,1.023209927,
ADANIPORTS,11/29/2018,22262.59961,69300,NIKKEI 225,0.385895309,
ADANIPORTS,11/30/2018,22351.06055,104100,NIKKEI 225,0.397352239,
ADANIPORTS,12/3/2018,22574.75977,70500,NIKKEI 225,1.000843868,
ADANIPORTS,12/4/2018,22036.05078,89600,NIKKEI 225,-2.386333191,
ADANIPORTS,12/5/2018,21919.33008,83700,NIKKEI 225,-0.529680677,
ADANIPORTS,12/6/2018,21501.61914,87600,NIKKEI 225,-1.90567383,
ADANIPORTS,12/7/2018,21678.67969,78100,NIKKEI 225,0.823475413,
ADANIPORTS,12/10/2018,21219.5,79000,NIKKEI 225,-2.118116484,
ADANIPORTS,12/11/2018,21148.01953,87500,NIKKEI 225,-0.336862174,
ADANIPORTS,12/12/2018,21602.75,89600,NIKKEI 225,2.150227204,
ADANIPORTS,12/13/2018,21816.18945,79200,NIKKEI 225,0.988019826,
ADANIPORTS,12/14/2018,21374.83008,102800,NIKKEI 225,-2.023081877,
ADANIPORTS,12/17/2018,21506.88086,63400,NIKKEI 225,0.617786343,
ADANIPORTS,12/18/2018,21115.44922,80500,NIKKEI 225,-1.820029797,
ADANIPORTS,12/19/2018,20987.91992,81300,NIKKEI 225,-0.603962036,
ADANIPORTS,12/20/2018,20392.58008,96300,NIKKEI 225,-2.836583359,
ADANIPORTS,12/21/2018,20166.18945,116600,NIKKEI 225,-1.110161756,
ADANIPORTS,12/25/2018,19155.74023,0,NIKKEI 225,-5.010610564,
ADANIPORTS,12/26/2018,19327.06055,79900,NIKKEI 225,0.89435496,
ADANIPORTS,12/27/2018,20077.61914,93000,NIKKEI 225,3.88345963,
ADANIPORTS,12/28/2018,20014.76953,70600,NIKKEI 225,-0.313033182,
ADANIPORTS,1/4/2019,19561.96094,91600,NIKKEI 225,-2.262372256,
ADANIPORTS,1/7/2019,20038.9707,81500,NIKKEI 225,2.438455769,
ADANIPORTS,1/8/2019,20204.03906,86400,NIKKEI 225,0.82373672,
ADANIPORTS,1/9/2019,20427.06055,72800,NIKKEI 225,1.103846034,
ADANIPORTS,1/10/2019,20163.80078,73700,NIKKEI 225,-1.288779486,
ADANIPORTS,1/11/2019,20359.69922,77700,NIKKEI 225,0.971535278,
ADANIPORTS,1/15/2019,20555.28906,78300,NIKKEI 225,0.960671579,
ADANIPORTS,1/16/2019,20442.75,69500,NIKKEI 225,-0.547494432,
ADANIPORTS,1/17/2019,20402.26953,63600,NIKKEI 225,-0.198018706,
ADANIPORTS,1/18/2019,20666.07031,64700,NIKKEI 225,1.29299724,
ADANIPORTS,1/21/2019,20719.33008,61200,NIKKEI 225,0.257715977,
ADANIPORTS,1/22/2019,20622.91016,57100,NIKKEI 225,-0.46536216,
ADANIPORTS,1/23/2019,20593.7207,0,NIKKEI 225,-0.141538962,
ADANIPORTS,1/24/2019,20574.63086,61400,NIKKEI 225,-0.092697402,
ADANIPORTS,1/25/2019,20773.56055,68400,NIKKEI 225,0.966868807,
ADANIPORTS,1/28/2019,20649,56800,NIKKEI 225,-0.599610966,
ADANIPORTS,1/29/2019,20664.64063,63100,NIKKEI 225,0.075745193,
ADANIPORTS,1/30/2019,20556.53906,72100,NIKKEI 225,-0.523123358,
ADANIPORTS,1/31/2019,20773.49023,75700,NIKKEI 225,1.055387633,
ADANIPORTS,2/1/2019,20788.39063,82200,NIKKEI 225,0.071727913,
ADANIPORTS,2/4/2019,20883.76953,66600,NIKKEI 225,0.458808513,
ADANIPORTS,2/5/2019,20844.44922,65500,NIKKEI 225,-0.188281679,
ADANIPORTS,2/6/2019,20874.06055,68900,NIKKEI 225,0.142058577,
ADANIPORTS,2/7/2019,20751.2793,70600,NIKKEI 225,-0.588200124,
ADANIPORTS,2/8/2019,20333.16992,86200,NIKKEI 225,-2.014860718,
ADANIPORTS,2/12/2019,20864.21094,84100,NIKKEI 225,2.611698117,
ADANIPORTS,2/13/2019,21144.48047,78600,NIKKEI 225,1.343302806,
ADANIPORTS,2/14/2019,21139.71094,64500,NIKKEI 225,-0.022556861,
ADANIPORTS,2/15/2019,20900.63086,65600,NIKKEI 225,-1.130952451,
ADANIPORTS,2/18/2019,21281.84961,61800,NIKKEI 225,1.823958102,
ADANIPORTS,2/19/2019,21302.65039,53600,NIKKEI 225,0.09773954,
ADANIPORTS,2/20/2019,21431.49023,59700,NIKKEI 225,0.604806635,
ADANIPORTS,2/21/2019,21464.23047,68400,NIKKEI 225,0.152766955,
ADANIPORTS,2/22/2019,21425.50977,52400,NIKKEI 225,-0.180396418,
ADANIPORTS,2/25/2019,21528.23047,51800,NIKKEI 225,0.479431781,
ADANIPORTS,2/26/2019,21449.39063,56400,NIKKEI 225,-0.366216091,
ADANIPORTS,2/27/2019,21556.50977,67700,NIKKEI 225,0.499404122,
ADANIPORTS,2/28/2019,21385.16016,71500,NIKKEI 225,-0.794885684,
ADANIPORTS,3/1/2019,21602.68945,62600,NIKKEI 225,1.017197418,
ADANIPORTS,3/4/2019,21822.03906,59100,NIKKEI 225,1.015381027,
ADANIPORTS,3/5/2019,21726.2793,59200,NIKKEI 225,-0.438821348,
ADANIPORTS,3/6/2019,21596.81055,57100,NIKKEI 225,-0.595908523,
ADANIPORTS,3/7/2019,21456.00977,75200,NIKKEI 225,-0.651951735,
ADANIPORTS,3/8/2019,21025.56055,99800,NIKKEI 225,-2.006194179,
ADANIPORTS,3/11/2019,21125.08984,55600,NIKKEI 225,0.473372859,
ADANIPORTS,3/12/2019,21503.68945,67800,NIKKEI 225,1.792179876,
ADANIPORTS,3/13/2019,21290.24023,66200,NIKKEI 225,-0.99261673,
ADANIPORTS,3/14/2019,21287.01953,64100,NIKKEI 225,-0.015127603,
ADANIPORTS,3/15/2019,21450.84961,83200,NIKKEI 225,0.769624314,
ADANIPORTS,3/18/2019,21584.5,55200,NIKKEI 225,0.623054067,
ADANIPORTS,3/19/2019,21566.84961,59900,NIKKEI 225,-0.081773453,
ADANIPORTS,3/20/2019,21608.91992,65300,NIKKEI 225,0.195069348,
ADANIPORTS,3/22/2019,21627.33984,78900,NIKKEI 225,0.085242215,
ADANIPORTS,3/25/2019,20977.10938,77700,NIKKEI 225,-3.006520791,
ADANIPORTS,3/26/2019,21428.39063,101300,NIKKEI 225,2.151303318,
ADANIPORTS,3/27/2019,21378.73047,76000,NIKKEI 225,-0.23174935,
ADANIPORTS,3/28/2019,21033.75977,71100,NIKKEI 225,-1.61361641,
ADANIPORTS,3/29/2019,21205.81055,61600,NIKKEI 225,0.817974451,
ADANIPORTS,4/1/2019,21509.0293,77400,NIKKEI 225,1.429885216,
ADANIPORTS,4/2/2019,21505.31055,71000,NIKKEI 225,-0.017289251,
ADANIPORTS,4/3/2019,21713.21094,68500,NIKKEI 225,0.966739776,
ADANIPORTS,4/4/2019,21724.94922,57900,NIKKEI 225,0.054060549,
ADANIPORTS,4/5/2019,21807.5,58500,NIKKEI 225,0.379981468,
ADANIPORTS,4/8/2019,21761.65039,54600,NIKKEI 225,-0.210246975,
ADANIPORTS,4/9/2019,21802.58984,54300,NIKKEI 225,0.1881266,
ADANIPORTS,4/10/2019,21687.57031,58700,NIKKEI 225,-0.527549855,
ADANIPORTS,4/11/2019,21711.38086,61200,NIKKEI 225,0.109788905,
ADANIPORTS,4/12/2019,21870.56055,61600,NIKKEI 225,0.733162432,
ADANIPORTS,4/15/2019,22169.10938,66100,NIKKEI 225,1.365071679,
ADANIPORTS,4/16/2019,22221.66016,57300,NIKKEI 225,0.237045071,
ADANIPORTS,4/17/2019,22277.9707,75400,NIKKEI 225,0.253403871,
ADANIPORTS,4/18/2019,22090.11914,67300,NIKKEI 225,-0.843216667,
ADANIPORTS,4/19/2019,22200.56055,0,NIKKEI 225,0.499958399,
ADANIPORTS,4/22/2019,22217.90039,42900,NIKKEI 225,0.078105433,
ADANIPORTS,4/23/2019,22259.74023,52000,NIKKEI 225,0.188315918,
ADANIPORTS,4/24/2019,22200,67900,NIKKEI 225,-0.268377948,
ADANIPORTS,4/25/2019,22307.58008,63300,NIKKEI 225,0.484594946,
ADANIPORTS,4/26/2019,22258.73047,71900,NIKKEI 225,-0.218982108,
ADANIPORTS,5/7/2019,21923.7207,90700,NIKKEI 225,-1.505071309,
ADANIPORTS,5/8/2019,21602.58984,85700,NIKKEI 225,-1.464764414,
ADANIPORTS,5/9/2019,21402.13086,96900,NIKKEI 225,-0.927939596,
ADANIPORTS,5/10/2019,21344.91992,98500,NIKKEI 225,-0.26731421,
ADANIPORTS,5/13/2019,21191.2793,74500,NIKKEI 225,-0.719799491,
ADANIPORTS,5/14/2019,21067.23047,90200,NIKKEI 225,-0.585376778,
ADANIPORTS,5/15/2019,21188.56055,84100,NIKKEI 225,0.575918501,
ADANIPORTS,5/16/2019,21062.98047,82500,NIKKEI 225,-0.592678666,
ADANIPORTS,5/17/2019,21250.08984,75800,NIKKEI 225,0.888332851,
ADANIPORTS,5/20/2019,21301.73047,65100,NIKKEI 225,0.243013678,
ADANIPORTS,5/21/2019,21272.44922,70100,NIKKEI 225,-0.13745949,
ADANIPORTS,5/22/2019,21283.36914,64500,NIKKEI 225,0.051333638,
ADANIPORTS,5/23/2019,21151.14063,63900,NIKKEI 225,-0.621276242,
ADANIPORTS,5/24/2019,21117.2207,67700,NIKKEI 225,-0.160369233,
ADANIPORTS,5/27/2019,21182.58008,41600,NIKKEI 225,0.309507467,
ADANIPORTS,5/28/2019,21260.14063,98500,NIKKEI 225,0.366152502,
ADANIPORTS,5/29/2019,21003.36914,70000,NIKKEI 225,-1.207760045,
ADANIPORTS,5/30/2019,20942.5293,58700,NIKKEI 225,-0.28966707,
ADANIPORTS,5/31/2019,20601.18945,79100,NIKKEI 225,-1.629888344,
ADANIPORTS,6/3/2019,20410.88086,67400,NIKKEI 225,-0.923774787,
ADANIPORTS,6/4/2019,20408.53906,69200,NIKKEI 225,-0.011473273,
ADANIPORTS,6/5/2019,20776.09961,72300,NIKKEI 225,1.801013511,
ADANIPORTS,6/6/2019,20774.03906,59600,NIKKEI 225,-0.009917867,
ADANIPORTS,6/7/2019,20884.71094,50700,NIKKEI 225,0.532741248,
ADANIPORTS,6/10/2019,21134.41992,58200,NIKKEI 225,1.19565449,
ADANIPORTS,6/11/2019,21204.2793,52100,NIKKEI 225,0.330547871,
ADANIPORTS,6/12/2019,21129.7207,56500,NIKKEI 225,-0.351620505,
ADANIPORTS,6/13/2019,21032,65700,NIKKEI 225,-0.462479861,
ADANIPORTS,6/14/2019,21116.89063,60400,NIKKEI 225,0.403626022,
ADANIPORTS,6/17/2019,21124,49100,NIKKEI 225,0.03366677,
ADANIPORTS,6/18/2019,20972.71094,54600,NIKKEI 225,-0.716195143,
ADANIPORTS,6/19/2019,21333.86914,64100,NIKKEI 225,1.72203872,
ADANIPORTS,6/20/2019,21462.85938,55700,NIKKEI 225,0.604626536,
ADANIPORTS,6/21/2019,21258.64063,89000,NIKKEI 225,-0.951498337,
ADANIPORTS,6/24/2019,21285.99023,43200,NIKKEI 225,0.12865173,
ADANIPORTS,6/25/2019,21193.81055,53900,NIKKEI 225,-0.433053318,
ADANIPORTS,6/26/2019,21086.58984,50300,NIKKEI 225,-0.505905735,
ADANIPORTS,6/27/2019,21338.16992,61300,NIKKEI 225,1.19308091,
ADANIPORTS,6/28/2019,21275.91992,62100,NIKKEI 225,-0.291730735,
ADANIPORTS,7/1/2019,21729.9707,66900,NIKKEI 225,2.134106458,
ADANIPORTS,7/2/2019,21754.26953,54700,NIKKEI 225,0.111821725,
ADANIPORTS,7/3/2019,21638.16016,55000,NIKKEI 225,-0.533731435,
ADANIPORTS,7/4/2019,21702.44922,37800,NIKKEI 225,0.297109655,
ADANIPORTS,7/5/2019,21746.38086,44800,NIKKEI 225,0.202427107,
ADANIPORTS,7/8/2019,21534.34961,51900,NIKKEI 225,-0.975018562,
ADANIPORTS,7/9/2019,21565.15039,53900,NIKKEI 225,0.143030937,
ADANIPORTS,7/10/2019,21533.48047,58900,NIKKEI 225,-0.146856949,
ADANIPORTS,7/11/2019,21643.5293,49600,NIKKEI 225,0.511059177,
ADANIPORTS,7/12/2019,21685.90039,45400,NIKKEI 225,0.195767952,
ADANIPORTS,7/16/2019,21535.25,49800,NIKKEI 225,-0.694692811,
ADANIPORTS,7/17/2019,21469.17969,53300,NIKKEI 225,-0.306800766,
ADANIPORTS,7/18/2019,21046.24023,70200,NIKKEI 225,-1.969984229,
ADANIPORTS,7/19/2019,21466.99023,57900,NIKKEI 225,1.999169426,
ADANIPORTS,7/22/2019,21416.78906,46900,NIKKEI 225,-0.233852862,
ADANIPORTS,7/23/2019,21620.88086,48100,NIKKEI 225,0.952952356,
ADANIPORTS,7/24/2019,21709.57031,51100,NIKKEI 225,0.410202778,
ADANIPORTS,7/25/2019,21756.55078,46900,NIKKEI 225,0.216404412,
ADANIPORTS,7/26/2019,21658.15039,47600,NIKKEI 225,-0.452279366,
ADANIPORTS,7/29/2019,21616.80078,47000,NIKKEI 225,-0.190919396,
ADANIPORTS,7/30/2019,21709.31055,54500,NIKKEI 225,0.427953086,
ADANIPORTS,7/31/2019,21521.5293,76500,NIKKEI 225,-0.864980256,
ADANIPORTS,8/1/2019,21540.99023,75700,NIKKEI 225,0.090425437,
ADANIPORTS,8/2/2019,21087.16016,91500,NIKKEI 225,-2.106820871,
ADANIPORTS,8/5/2019,20720.28906,85800,NIKKEI 225,-1.739784259,
ADANIPORTS,8/6/2019,20585.31055,89700,NIKKEI 225,-0.651431626,
ADANIPORTS,8/7/2019,20516.56055,73600,NIKKEI 225,-0.333976016,
ADANIPORTS,8/8/2019,20593.34961,64800,NIKKEI 225,0.374278436,
ADANIPORTS,8/9/2019,20684.82031,63700,NIKKEI 225,0.444175939,
ADANIPORTS,8/13/2019,20455.43945,72900,NIKKEI 225,-1.108933298,
ADANIPORTS,8/14/2019,20655.13086,60900,NIKKEI 225,0.976226428,
ADANIPORTS,8/15/2019,20405.65039,68200,NIKKEI 225,-1.207837751,
ADANIPORTS,8/16/2019,20418.81055,58400,NIKKEI 225,0.064492705,
ADANIPORTS,8/19/2019,20563.16016,50600,NIKKEI 225,0.706944259,
ADANIPORTS,8/20/2019,20677.2207,50100,NIKKEI 225,0.55468394,
ADANIPORTS,8/21/2019,20618.57031,53000,NIKKEI 225,-0.283647357,
ADANIPORTS,8/22/2019,20628.00977,54600,NIKKEI 225,0.045781317,
ADANIPORTS,8/23/2019,20710.91016,50700,NIKKEI 225,0.401882639,
ADANIPORTS,8/26/2019,20261.03906,69900,NIKKEI 225,-2.172145452,
ADANIPORTS,8/27/2019,20456.08008,60800,NIKKEI 225,0.962640733,
ADANIPORTS,8/28/2019,20479.41992,51500,NIKKEI 225,0.114097344,
ADANIPORTS,8/29/2019,20460.92969,55100,NIKKEI 225,-0.090286903,
ADANIPORTS,8/30/2019,20704.36914,72000,NIKKEI 225,1.189777086,
ADANIPORTS,9/2/2019,20620.18945,42400,NIKKEI 225,-0.406579343,
ADANIPORTS,9/3/2019,20625.16016,0,NIKKEI 225,0.024106001,
ADANIPORTS,9/4/2019,20649.14063,51500,NIKKEI 225,0.116268038,
ADANIPORTS,9/5/2019,21085.93945,83000,NIKKEI 225,2.115336594,
ADANIPORTS,9/6/2019,21199.57031,71100,NIKKEI 225,0.538893988,
ADANIPORTS,9/9/2019,21318.41992,57800,NIKKEI 225,0.560622726,
ADANIPORTS,9/10/2019,21392.09961,92400,NIKKEI 225,0.345615141,
ADANIPORTS,9/11/2019,21597.75977,110100,NIKKEI 225,0.961383692,
ADANIPORTS,9/12/2019,21759.60938,96000,NIKKEI 225,0.749381467,
ADANIPORTS,9/13/2019,21988.28906,116300,NIKKEI 225,1.05093655,
ADANIPORTS,9/17/2019,22001.32031,81500,NIKKEI 225,0.059264502,
ADANIPORTS,9/18/2019,21960.71094,69400,NIKKEI 225,-0.184576991,
ADANIPORTS,9/19/2019,22044.44922,78200,NIKKEI 225,0.381309518,
ADANIPORTS,9/20/2019,22079.08984,85000,NIKKEI 225,0.157139898,
ADANIPORTS,9/24/2019,22098.83984,68400,NIKKEI 225,0.089451151,
ADANIPORTS,9/25/2019,22020.15039,61600,NIKKEI 225,-0.356079566,
ADANIPORTS,9/26/2019,22048.24023,81600,NIKKEI 225,0.127564265,
ADANIPORTS,9/27/2019,21878.90039,76400,NIKKEI 225,-0.768042443,
ADANIPORTS,9/30/2019,21755.83984,69900,NIKKEI 225,-0.562462212,
ADANIPORTS,10/1/2019,21885.24023,62300,NIKKEI 225,0.594784623,
ADANIPORTS,10/2/2019,21778.60938,63300,NIKKEI 225,-0.487227272,
ADANIPORTS,10/3/2019,21341.74023,67700,NIKKEI 225,-2.005955171,
ADANIPORTS,10/4/2019,21410.19922,57700,NIKKEI 225,0.320775083,
ADANIPORTS,10/7/2019,21375.25,47400,NIKKEI 225,-0.163236309,
ADANIPORTS,10/8/2019,21587.7793,60800,NIKKEI 225,0.99427748,
ADANIPORTS,10/9/2019,21456.38086,55400,NIKKEI 225,-0.608670471,
ADANIPORTS,10/10/2019,21551.98047,59900,NIKKEI 225,0.445553286,
ADANIPORTS,10/11/2019,21798.86914,67400,NIKKEI 225,1.145549813,
ADANIPORTS,10/15/2019,22207.21094,74500,NIKKEI 225,1.873224681,
ADANIPORTS,10/16/2019,22472.91992,78700,NIKKEI 225,1.196498672,
ADANIPORTS,10/17/2019,22451.85938,57800,NIKKEI 225,-0.093715223,
ADANIPORTS,10/18/2019,22492.67969,59200,NIKKEI 225,0.181812617,
ADANIPORTS,10/21/2019,22548.90039,48400,NIKKEI 225,0.249951112,
ADANIPORTS,10/23/2019,22625.38086,68000,NIKKEI 225,0.339176043,
ADANIPORTS,10/24/2019,22750.59961,61300,NIKKEI 225,0.553443722,
ADANIPORTS,10/25/2019,22799.81055,57200,NIKKEI 225,0.216306114,
ADANIPORTS,10/28/2019,22867.26953,48100,NIKKEI 225,0.295875195,
ADANIPORTS,10/29/2019,22974.13086,72900,NIKKEI 225,0.467311271,
ADANIPORTS,10/30/2019,22843.11914,101600,NIKKEI 225,-0.57025756,
ADANIPORTS,10/31/2019,22927.03906,78300,NIKKEI 225,0.367375057,
ADANIPORTS,11/1/2019,22850.76953,65400,NIKKEI 225,-0.332661936,
ADANIPORTS,11/5/2019,23251.99023,102100,NIKKEI 225,1.755830159,
ADANIPORTS,11/6/2019,23303.82031,77400,NIKKEI 225,0.22290599,
ADANIPORTS,11/7/2019,23330.32031,70900,NIKKEI 225,0.113715261,
ADANIPORTS,11/8/2019,23391.86914,94600,NIKKEI 225,0.263814758,
ADANIPORTS,11/11/2019,23331.83984,61500,NIKKEI 225,-0.256624627,
ADANIPORTS,11/12/2019,23520.00977,63000,NIKKEI 225,0.806494144,
ADANIPORTS,11/13/2019,23319.86914,63400,NIKKEI 225,-0.850937678,
ADANIPORTS,11/14/2019,23141.55078,79900,NIKKEI 225,-0.764662781,
ADANIPORTS,11/15/2019,23303.32031,72200,NIKKEI 225,0.69904361,
ADANIPORTS,11/18/2019,23416.75977,57300,NIKKEI 225,0.486795236,
ADANIPORTS,11/19/2019,23292.65039,64200,NIKKEI 225,-0.530002341,
ADANIPORTS,11/20/2019,23148.57031,65700,NIKKEI 225,-0.61856455,
ADANIPORTS,11/21/2019,23038.58008,69800,NIKKEI 225,-0.47514915,
ADANIPORTS,11/22/2019,23112.88086,55600,NIKKEI 225,0.322505904,
ADANIPORTS,11/25/2019,23292.81055,50300,NIKKEI 225,0.778482306,
ADANIPORTS,11/26/2019,23373.32031,94300,NIKKEI 225,0.345642128,
ADANIPORTS,11/27/2019,23437.76953,52200,NIKKEI 225,0.275738394,
ADANIPORTS,11/28/2019,23409.14063,44800,NIKKEI 225,-0.122148594,
ADANIPORTS,11/29/2019,23293.91016,52100,NIKKEI 225,-0.492245618,
ADANIPORTS,12/2/2019,23529.5,47700,NIKKEI 225,1.011379551,
ADANIPORTS,12/3/2019,23379.81055,58800,NIKKEI 225,-0.63617779,
ADANIPORTS,12/4/2019,23135.23047,58100,NIKKEI 225,-1.046116595,
ADANIPORTS,12/5/2019,23300.08984,61400,NIKKEI 225,0.712590156,
ADANIPORTS,12/6/2019,23354.40039,54400,NIKKEI 225,0.233091578,
ADANIPORTS,12/9/2019,23430.69922,55800,NIKKEI 225,0.326700008,
ADANIPORTS,12/10/2019,23410.18945,52800,NIKKEI 225,-0.087533734,
ADANIPORTS,12/11/2019,23391.85938,61300,NIKKEI 225,-0.078299571,
ADANIPORTS,12/12/2019,23424.81055,56300,NIKKEI 225,0.14086598,
ADANIPORTS,12/13/2019,24023.09961,115500,NIKKEI 225,2.554082821,
ADANIPORTS,12/16/2019,23952.34961,53300,NIKKEI 225,-0.294508207,
ADANIPORTS,12/17/2019,24066.11914,64000,NIKKEI 225,0.474982763,
ADANIPORTS,12/18/2019,23934.42969,66300,NIKKEI 225,-0.547198542,
ADANIPORTS,12/19/2019,23864.84961,55600,NIKKEI 225,-0.290711247,
ADANIPORTS,12/20/2019,23816.63086,70300,NIKKEI 225,-0.202049251,
ADANIPORTS,12/23/2019,23821.10938,45200,NIKKEI 225,0.018804154,
ADANIPORTS,12/24/2019,23830.58008,37900,NIKKEI 225,0.039757607,
ADANIPORTS,12/25/2019,23782.86914,31600,NIKKEI 225,-0.200208878,
ADANIPORTS,12/26/2019,23924.91992,40300,NIKKEI 225,0.597281935,
ADANIPORTS,12/27/2019,23837.7207,44800,NIKKEI 225,-0.364470265,
ADANIPORTS,12/30/2019,23656.61914,41600,NIKKEI 225,-0.759726839,
ADANIPORTS,1/6/2020,23204.85938,72800,NIKKEI 225,-1.909654813,
ADANIPORTS,1/7/2020,23575.7207,64300,NIKKEI 225,1.598205453,
ADANIPORTS,1/8/2020,23204.75977,79400,NIKKEI 225,-1.573487155,
ADANIPORTS,1/9/2020,23739.86914,62200,NIKKEI 225,2.306032816,
ADANIPORTS,1/10/2020,23850.57031,55900,NIKKEI 225,0.466309108,
ADANIPORTS,1/14/2020,24025.16992,64200,NIKKEI 225,0.732056327,
ADANIPORTS,1/15/2020,23916.58008,57200,NIKKEI 225,-0.451983667,
ADANIPORTS,1/16/2020,23933.13086,55400,NIKKEI 225,0.069202122,
ADANIPORTS,1/17/2020,24041.25977,59400,NIKKEI 225,0.451795913,
ADANIPORTS,1/20/2020,24083.50977,38300,NIKKEI 225,0.175739543,
ADANIPORTS,1/21/2020,23864.56055,44600,NIKKEI 225,-0.909125045,
ADANIPORTS,1/22/2020,24031.34961,49000,NIKKEI 225,0.698898526,
ADANIPORTS,1/23/2020,23795.43945,55500,NIKKEI 225,-0.981676684,
ADANIPORTS,1/24/2020,23827.17969,48700,NIKKEI 225,0.133387892,
ADANIPORTS,1/27/2020,23343.50977,62400,NIKKEI 225,-2.0299084,
ADANIPORTS,1/28/2020,23215.71094,64400,NIKKEI 225,-0.547470493,
ADANIPORTS,1/29/2020,23379.40039,54900,NIKKEI 225,0.70508051,
ADANIPORTS,1/30/2020,22977.75,69600,NIKKEI 225,-1.717967032,
ADANIPORTS,1/31/2020,23205.17969,75400,NIKKEI 225,0.989782237,
ADANIPORTS,2/3/2020,22971.93945,72500,NIKKEI 225,-1.005121435,
ADANIPORTS,2/4/2020,23084.58984,67900,NIKKEI 225,0.490382587,
ADANIPORTS,2/5/2020,23319.56055,70300,NIKKEI 225,1.017868217,
ADANIPORTS,2/6/2020,23873.58984,95100,NIKKEI 225,2.375813626,
ADANIPORTS,2/7/2020,23827.98047,65400,NIKKEI 225,-0.191045315,
ADANIPORTS,2/10/2020,23685.98047,56500,NIKKEI 225,-0.595938041,
ADANIPORTS,2/12/2020,23861.21094,74600,NIKKEI 225,0.739806694,
ADANIPORTS,2/13/2020,23827.73047,64500,NIKKEI 225,-0.140313369,
ADANIPORTS,2/14/2020,23687.58984,69100,NIKKEI 225,-0.588140886,
ADANIPORTS,2/17/2020,23523.24023,54000,NIKKEI 225,-0.693821579,
ADANIPORTS,2/18/2020,23193.80078,59500,NIKKEI 225,-1.400485009,
ADANIPORTS,2/19/2020,23400.69922,61600,NIKKEI 225,0.892041973,
ADANIPORTS,2/20/2020,23479.15039,63300,NIKKEI 225,0.335251401,
ADANIPORTS,2/21/2020,23386.74023,62100,NIKKEI 225,-0.393583905,
ADANIPORTS,2/25/2020,22605.41016,105800,NIKKEI 225,-3.340910577,
ADANIPORTS,2/26/2020,22426.18945,99300,NIKKEI 225,-0.792822169,
ADANIPORTS,2/27/2020,21948.23047,106200,NIKKEI 225,-2.131253662,
ADANIPORTS,2/28/2020,21142.96094,148500,NIKKEI 225,-3.668949677,
ADANIPORTS,3/2/2020,21344.08008,123700,NIKKEI 225,0.951234506,
ADANIPORTS,3/3/2020,21082.73047,105300,NIKKEI 225,-1.224459466,
ADANIPORTS,3/4/2020,21100.06055,94600,NIKKEI 225,0.082200349,
ADANIPORTS,3/5/2020,21329.11914,85700,NIKKEI 225,1.085582638,
ADANIPORTS,3/6/2020,20749.75,111700,NIKKEI 225,-2.716329433,
ADANIPORTS,3/9/2020,19698.75977,170300,NIKKEI 225,-5.065074201,
ADANIPORTS,3/10/2020,19867.11914,164700,NIKKEI 225,0.854669923,
ADANIPORTS,3/11/2020,19416.06055,129200,NIKKEI 225,-2.270377455,
ADANIPORTS,3/12/2020,18559.63086,164600,NIKKEI 225,-4.41093437,
ADANIPORTS,3/13/2020,17431.05078,233400,NIKKEI 225,-6.080832569,
ADANIPORTS,3/16/2020,17002.03906,158100,NIKKEI 225,-2.46119252,
ADANIPORTS,3/17/2020,17011.5293,198800,NIKKEI 225,0.055818211,
ADANIPORTS,3/18/2020,16726.55078,177200,NIKKEI 225,-1.675208096,
ADANIPORTS,3/19/2020,16552.83008,198900,NIKKEI 225,-1.038592506,
ADANIPORTS,3/23/2020,16887.7793,170300,NIKKEI 225,2.023516326,
ADANIPORTS,3/24/2020,18092.34961,147300,NIKKEI 225,7.132792837,
ADANIPORTS,3/25/2020,19546.63086,147700,NIKKEI 225,8.038100531,
ADANIPORTS,3/26/2020,18664.59961,128100,NIKKEI 225,-4.512446449,
ADANIPORTS,3/27/2020,19389.42969,148900,NIKKEI 225,3.883448315,
ADANIPORTS,3/30/2020,19084.9707,121000,NIKKEI 225,-1.57023177,
ADANIPORTS,3/31/2020,18917.00977,122200,NIKKEI 225,-0.880069137,
ADANIPORTS,4/1/2020,18065.41016,105800,NIKKEI 225,-4.501766508,
ADANIPORTS,4/2/2020,17818.7207,107300,NIKKEI 225,-1.365534748,
ADANIPORTS,4/3/2020,17820.18945,96000,NIKKEI 225,0.008242735,
ADANIPORTS,4/6/2020,18576.30078,105700,NIKKEI 225,4.243003869,
ADANIPORTS,4/7/2020,18950.17969,108200,NIKKEI 225,2.012666092,
ADANIPORTS,4/8/2020,19353.24023,105900,NIKKEI 225,2.126948412,
ADANIPORTS,4/9/2020,19345.76953,82300,NIKKEI 225,-0.03860182,
ADANIPORTS,4/10/2020,19498.5,87500,NIKKEI 225,0.789477352,
ADANIPORTS,4/13/2020,19043.40039,65600,NIKKEI 225,-2.334023689,
ADANIPORTS,4/14/2020,19638.81055,81900,NIKKEI 225,3.126595796,
ADANIPORTS,4/15/2020,19550.08984,94100,NIKKEI 225,-0.4517621,
ADANIPORTS,4/16/2020,19290.19922,81400,NIKKEI 225,-1.329357702,
ADANIPORTS,4/17/2020,19897.25977,87800,NIKKEI 225,3.146989516,
ADANIPORTS,4/20/2020,19669.11914,65000,NIKKEI 225,-1.146593188,
ADANIPORTS,4/21/2020,19280.7793,79400,NIKKEI 225,-1.974363169,
ADANIPORTS,4/22/2020,19137.94922,76400,NIKKEI 225,-0.740789964,
ADANIPORTS,4/23/2020,19429.43945,72600,NIKKEI 225,1.523100676,
ADANIPORTS,4/24/2020,19262,84700,NIKKEI 225,-0.861782211,
ADANIPORTS,4/27/2020,19783.2207,77600,NIKKEI 225,2.705953188,
ADANIPORTS,4/28/2020,19771.18945,68600,NIKKEI 225,-0.060815426,
ADANIPORTS,4/30/2020,20193.68945,103400,NIKKEI 225,2.13694781,
ADANIPORTS,5/1/2020,19619.34961,86600,NIKKEI 225,-2.844155078,
ADANIPORTS,5/7/2020,19674.76953,82900,NIKKEI 225,0.282475837,
ADANIPORTS,5/8/2020,20179.08984,82200,NIKKEI 225,2.563284476,
ADANIPORTS,5/11/2020,20390.66016,76200,NIKKEI 225,1.048463105,
ADANIPORTS,5/12/2020,20366.48047,67700,NIKKEI 225,-0.118582169,
ADANIPORTS,5/13/2020,20267.05078,79500,NIKKEI 225,-0.488202604,
ADANIPORTS,5/14/2020,19914.7793,76900,NIKKEI 225,-1.738148721,
ADANIPORTS,5/15/2020,20037.4707,75200,NIKKEI 225,0.616082178,
ADANIPORTS,5/18/2020,20133.73047,71900,NIKKEI 225,0.480398786,
ADANIPORTS,5/19/2020,20433.44922,93000,NIKKEI 225,1.488639924,
ADANIPORTS,5/20/2020,20595.15039,71800,NIKKEI 225,0.791355244,
ADANIPORTS,5/21/2020,20552.31055,62900,NIKKEI 225,-0.208009377,
ADANIPORTS,5/22/2020,20388.16016,71100,NIKKEI 225,-0.798695556,
ADANIPORTS,5/25/2020,20741.65039,55100,NIKKEI 225,1.733801541,
ADANIPORTS,5/26/2020,21271.16992,87200,NIKKEI 225,2.552928629,
ADANIPORTS,5/27/2020,21419.23047,112000,NIKKEI 225,0.696062076,
ADANIPORTS,5/28/2020,21916.31055,134000,NIKKEI 225,2.320718658,
ADANIPORTS,5/29/2020,21877.89063,153200,NIKKEI 225,-0.175302873,
ADANIPORTS,6/1/2020,22062.39063,72200,NIKKEI 225,0.843317133,
ADANIPORTS,6/2/2020,22325.60938,77900,NIKKEI 225,1.193065405,
ADANIPORTS,6/3/2020,22613.75977,94100,NIKKEI 225,1.290672009,
ADANIPORTS,6/4/2020,22695.74023,92000,NIKKEI 225,0.362524714,
ADANIPORTS,6/5/2020,22863.73047,85600,NIKKEI 225,0.740183987,
ADANIPORTS,6/8/2020,23178.09961,108500,NIKKEI 225,1.37496871,
ADANIPORTS,6/9/2020,23091.0293,91500,NIKKEI 225,-0.375657683,
ADANIPORTS,6/10/2020,23124.94922,75600,NIKKEI 225,0.146896535,
ADANIPORTS,6/11/2020,22472.91016,105900,NIKKEI 225,-2.819634572,
ADANIPORTS,6/12/2020,22305.48047,120500,NIKKEI 225,-0.745028952,
ADANIPORTS,6/15/2020,21530.94922,78500,NIKKEI 225,-3.472380929,
ADANIPORTS,6/16/2020,22582.21094,100100,NIKKEI 225,4.882560951,
ADANIPORTS,6/17/2020,22455.75977,72500,NIKKEI 225,-0.559959219,
ADANIPORTS,6/18/2020,22355.46094,65200,NIKKEI 225,-0.446650788,
ADANIPORTS,6/19/2020,22478.78906,97000,NIKKEI 225,0.551668898,
ADANIPORTS,6/22/2020,22437.26953,54600,NIKKEI 225,-0.184705377,
ADANIPORTS,6/23/2020,22549.05078,0,NIKKEI 225,0.498194532,
ADANIPORTS,6/24/2020,22534.32031,67000,NIKKEI 225,-0.065326333,
ADANIPORTS,6/25/2020,22259.78906,80800,NIKKEI 225,-1.218280588,
ADANIPORTS,6/26/2020,22512.08008,66600,NIKKEI 225,1.133393557,
ADANIPORTS,6/29/2020,21995.03906,73700,NIKKEI 225,-2.296726972,
ADANIPORTS,6/30/2020,22288.14063,74200,NIKKEI 225,1.33258032,
ADANIPORTS,7/1/2020,22121.73047,67400,NIKKEI 225,-0.74663095,
ADANIPORTS,7/2/2020,22145.96094,73600,NIKKEI 225,0.10953243,
ADANIPORTS,7/3/2020,22306.48047,51700,NIKKEI 225,0.724825314,
ADANIPORTS,7/6/2020,22714.43945,58000,NIKKEI 225,1.828881004,
ADANIPORTS,7/7/2020,22614.68945,62700,NIKKEI 225,-0.439147971,
ADANIPORTS,7/8/2020,22438.65039,64900,NIKKEI 225,-0.778427943,
ADANIPORTS,7/9/2020,22529.28906,65200,NIKKEI 225,0.403939945,
ADANIPORTS,7/10/2020,22290.81055,78800,NIKKEI 225,-1.058526593,
ADANIPORTS,7/13/2020,22784.74023,71200,NIKKEI 225,2.215844444,
ADANIPORTS,7/14/2020,22587.00977,61000,NIKKEI 225,-0.867819716,
ADANIPORTS,7/15/2020,22945.5,72600,NIKKEI 225,1.587152251,
ADANIPORTS,7/16/2020,22770.35938,89400,NIKKEI 225,-0.763289643,
ADANIPORTS,7/17/2020,22696.41992,55900,NIKKEI 225,-0.324717989,
ADANIPORTS,7/20/2020,22717.48047,50000,NIKKEI 225,0.092792375,
ADANIPORTS,7/21/2020,22884.2207,68600,NIKKEI 225,0.733973269,
ADANIPORTS,7/22/2020,22751.60938,65400,NIKKEI 225,-0.579488066,
ADANIPORTS,7/27/2020,22715.84961,71800,NIKKEI 225,-0.157174666,
ADANIPORTS,7/28/2020,22657.38086,67800,NIKKEI 225,-0.25739187,
ADANIPORTS,7/29/2020,22397.10938,74300,NIKKEI 225,-1.148727144,
ADANIPORTS,7/30/2020,22339.23047,77800,NIKKEI 225,-0.258421321,
ADANIPORTS,7/31/2020,21710,106600,NIKKEI 225,-2.816706108,
ADANIPORTS,8/3/2020,22195.38086,84000,NIKKEI 225,2.235747854,
ADANIPORTS,8/4/2020,22573.66016,89100,NIKKEI 225,1.704315413,
ADANIPORTS,8/5/2020,22514.84961,74000,NIKKEI 225,-0.260527299,
ADANIPORTS,8/6/2020,22418.15039,62600,NIKKEI 225,-0.429490846,
ADANIPORTS,8/7/2020,22329.93945,66700,NIKKEI 225,-0.393479999,
ADANIPORTS,8/11/2020,22750.24023,99300,NIKKEI 225,1.882229828,
ADANIPORTS,8/12/2020,22843.96094,90800,NIKKEI 225,0.411954788,
ADANIPORTS,8/13/2020,23249.60938,84800,NIKKEI 225,1.775735995,
ADANIPORTS,8/14/2020,23289.35938,59800,NIKKEI 225,0.170970614,
ADANIPORTS,8/17/2020,23096.75,43600,NIKKEI 225,-0.827027364,
ADANIPORTS,8/18/2020,23051.08008,55600,NIKKEI 225,-0.19773311,
ADANIPORTS,8/19/2020,23110.60938,50100,NIKKEI 225,0.258249491,
ADANIPORTS,8/20/2020,22880.61914,50200,NIKKEI 225,-0.995171656,
ADANIPORTS,8/21/2020,22920.30078,51200,NIKKEI 225,0.173429048,
ADANIPORTS,8/24/2020,22985.50977,40600,NIKKEI 225,0.284503182,
ADANIPORTS,8/25/2020,23296.76953,75300,NIKKEI 225,1.354156458,
ADANIPORTS,8/26/2020,23290.85938,47800,NIKKEI 225,-0.025368994,
ADANIPORTS,8/27/2020,23208.85938,52700,NIKKEI 225,-0.352069448,
ADANIPORTS,8/28/2020,22882.65039,98100,NIKKEI 225,-1.405536475,
ADANIPORTS,8/31/2020,23139.75977,81000,NIKKEI 225,1.123599629,
ADANIPORTS,9/1/2020,23138.07031,59600,NIKKEI 225,-0.007301083,
ADANIPORTS,9/2/2020,23247.15039,52600,NIKKEI 225,0.47143118,
ADANIPORTS,9/3/2020,23465.5293,57500,NIKKEI 225,0.939379246,
ADANIPORTS,9/4/2020,23205.42969,59300,NIKKEI 225,-1.108432739,
ADANIPORTS,9/7/2020,23089.94922,57300,NIKKEI 225,-0.497644174,
ADANIPORTS,9/8/2020,23274.13086,62100,NIKKEI 225,0.797670182,
ADANIPORTS,9/9/2020,23032.53906,84400,NIKKEI 225,-1.038027145,
ADANIPORTS,9/10/2020,23235.4707,67600,NIKKEI 225,0.881064999,
ADANIPORTS,9/11/2020,23406.49023,76900,NIKKEI 225,0.736027831,
ADANIPORTS,9/14/2020,23559.30078,65400,NIKKEI 225,0.652855449,
ADANIPORTS,9/15/2020,23454.89063,61800,NIKKEI 225,-0.443180199,
ADANIPORTS,9/16/2020,23475.5293,63000,NIKKEI 225,0.087993043,
ADANIPORTS,9/17/2020,23319.36914,61100,NIKKEI 225,-0.665203983,
ADANIPORTS,9/18/2020,23360.30078,82600,NIKKEI 225,0.175526361,
ADANIPORTS,9/23/2020,23346.49023,77000,NIKKEI 225,-0.059119731,
ADANIPORTS,9/24/2020,23087.82031,70500,NIKKEI 225,-1.107960633,
ADANIPORTS,9/25/2020,23204.61914,72200,NIKKEI 225,0.505889367,
ADANIPORTS,9/28/2020,23511.61914,82000,NIKKEI 225,1.323012449,
ADANIPORTS,9/29/2020,23539.09961,61300,NIKKEI 225,0.116880372,
ADANIPORTS,9/30/2020,23185.11914,88200,NIKKEI 225,-1.503797825,
ADANIPORTS,10/1/2020,23184.92969,0,NIKKEI 225,-0.000817132,
ADANIPORTS,10/2/2020,23029.90039,86300,NIKKEI 225,-0.668664081,
ADANIPORTS,10/5/2020,23312.14063,59500,NIKKEI 225,1.225538232,
ADANIPORTS,10/6/2020,23433.73047,57700,NIKKEI 225,0.521573055,
ADANIPORTS,10/7/2020,23422.82031,52100,NIKKEI 225,-0.046557487,
ADANIPORTS,10/8/2020,23647.07031,56300,NIKKEI 225,0.957399651,
ADANIPORTS,10/9/2020,23619.68945,56100,NIKKEI 225,-0.11578965,
ADANIPORTS,10/12/2020,23558.68945,44900,NIKKEI 225,-0.258259111,
ADANIPORTS,10/13/2020,23601.7793,47200,NIKKEI 225,0.182904249,
ADANIPORTS,10/14/2020,23626.73047,54000,NIKKEI 225,0.105717335,
ADANIPORTS,10/15/2020,23507.23047,48300,NIKKEI 225,-0.505783059,
ADANIPORTS,10/16/2020,23410.63086,48100,NIKKEI 225,-0.410935734,
ADANIPORTS,10/19/2020,23671.13086,0,NIKKEI 225,1.112742333,
